-- phpMyAdmin SQL Dump
-- version 4.8.2
-- https://www.phpmyadmin.net/
--
-- Host: 127.0.0.1
-- Waktu pembuatan: 27 Bulan Mei 2019 pada 06.56
-- Versi server: 10.1.34-MariaDB
-- Versi PHP: 7.1.19

SET SQL_MODE = "NO_AUTO_VALUE_ON_ZERO";
SET AUTOCOMMIT = 0;
START TRANSACTION;
SET time_zone = "+00:00";


/*!40101 SET @OLD_CHARACTER_SET_CLIENT=@@CHARACTER_SET_CLIENT */;
/*!40101 SET @OLD_CHARACTER_SET_RESULTS=@@CHARACTER_SET_RESULTS */;
/*!40101 SET @OLD_COLLATION_CONNECTION=@@COLLATION_CONNECTION */;
/*!40101 SET NAMES utf8mb4 */;

--
-- Database: `spp`
--

-- --------------------------------------------------------

--
-- Struktur dari tabel `jn_tagihan`
--

CREATE TABLE `jn_tagihan` (
  `id_jn_tagihan` varchar(6) NOT NULL,
  `jn_tagihan` varchar(20) DEFAULT NULL
) ENGINE=InnoDB DEFAULT CHARSET=latin1;

--
-- Dumping data untuk tabel `jn_tagihan`
--

INSERT INTO `jn_tagihan` (`id_jn_tagihan`, `jn_tagihan`) VALUES
('1', 'SPP bulanan'),
('2', 'Bangunan'),
('JNT003', 'Les');

-- --------------------------------------------------------

--
-- Struktur dari tabel `kelas`
--

CREATE TABLE `kelas` (
  `id_kelas` varchar(10) NOT NULL,
  `nama_kelas` varchar(10) DEFAULT NULL,
  `tingkat` int(5) DEFAULT NULL
) ENGINE=InnoDB DEFAULT CHARSET=latin1;

--
-- Dumping data untuk tabel `kelas`
--

INSERT INTO `kelas` (`id_kelas`, `nama_kelas`, `tingkat`) VALUES
('k1', 'MIPA1', 10),
('k10', 'MIPA4', 10),
('k11', 'MIPA5', 10),
('k12', 'MIPA6', 10),
('k13', 'MIPA7', 10),
('k14', 'MIPA8', 10),
('k16', 'MIPA9', 10),
('k17', 'IPS2', 10),
('k18', 'MIPA3', 11),
('k19', 'MIPA2', 11),
('k2', 'IPS1', 10),
('k20', 'IPS2', 11),
('k21', 'MIPA4', 12),
('k22', 'MIPA3', 12),
('k23', 'MIPA2', 12),
('k24', 'MIPA4', 11),
('k25', 'MIPA5', 11),
('k26', 'MIPA6', 11),
('k27', 'MIPA7', 11),
('k28', 'MIPA8', 11),
('k29', 'MIPA9', 11),
('k3', 'MIPA1', 11),
('k30', 'IPS2', 12),
('k31', 'MIPA5', 12),
('k32', 'MIPA6', 12),
('k33', 'MIPA7', 12),
('k34', 'MIPA8', 12),
('k35', 'MIPA9', 12),
('k4', 'IPS1', 11),
('k5', 'MIPA1', 12),
('k6', 'IPS1', 12),
('k7', 'Lulus', 0),
('k8', 'MIPA2', 10),
('k9', 'MIPA3', 10);

-- --------------------------------------------------------

--
-- Struktur dari tabel `kelas_siswa`
--

CREATE TABLE `kelas_siswa` (
  `id_kelas_siswa` int(11) NOT NULL,
  `nis` varchar(10) DEFAULT NULL,
  `id_kelas` varchar(10) DEFAULT NULL,
  `id_th_akademik` varchar(10) DEFAULT NULL
) ENGINE=InnoDB DEFAULT CHARSET=latin1;

--
-- Dumping data untuk tabel `kelas_siswa`
--

INSERT INTO `kelas_siswa` (`id_kelas_siswa`, `nis`, `id_kelas`, `id_th_akademik`) VALUES
(1, '22527', 'k2', 'TH001'),
(2, '22528', 'k2', 'TH001'),
(3, '22529', 'k2', 'TH001'),
(4, '22530', 'k2', 'TH001'),
(5, '22531', 'k2', 'TH001'),
(6, '22532', 'k2', 'TH001'),
(7, '22533', 'k2', 'TH001'),
(8, '22534', 'k2', 'TH001'),
(9, '22535', 'k2', 'TH001'),
(10, '22536', 'k2', 'TH001'),
(11, '22537', 'k2', 'TH001'),
(12, '22538', 'k2', 'TH001'),
(13, '22539', 'k2', 'TH001'),
(14, '22540', 'k2', 'TH001'),
(15, '22541', 'k2', 'TH001'),
(16, '22542', 'k2', 'TH001'),
(17, '22543', 'k2', 'TH001'),
(18, '22544', 'k2', 'TH001'),
(19, '22545', 'k2', 'TH001'),
(20, '22546', 'k2', 'TH001'),
(21, '22547', 'k2', 'TH001'),
(22, '22548', 'k2', 'TH001'),
(23, '22549', 'k2', 'TH001'),
(24, '22550', 'k2', 'TH001'),
(25, '22551', 'k2', 'TH001'),
(26, '22552', 'k2', 'TH001'),
(27, '22553', 'k2', 'TH001'),
(28, '22554', 'k2', 'TH001'),
(29, '22555', 'k2', 'TH001'),
(30, '22556', 'k2', 'TH001'),
(31, '22557', 'k2', 'TH001'),
(32, '22558', 'k2', 'TH001'),
(33, '22559', 'k2', 'TH001'),
(34, '22560', 'k2', 'TH001'),
(35, '123545', 'k2', 'TH001');

-- --------------------------------------------------------

--
-- Struktur dari tabel `pembayaran`
--

CREATE TABLE `pembayaran` (
  `id_pembayaran` int(11) NOT NULL,
  `nis` varchar(10) DEFAULT NULL,
  `id_jn_tagihan` varchar(6) DEFAULT NULL,
  `nominal_bayar` int(11) DEFAULT '0',
  `tgl` date DEFAULT NULL,
  `ket` varchar(25) DEFAULT NULL,
  `id_briva` varchar(15) DEFAULT '0',
  `th_akademik` varchar(10) DEFAULT NULL
) ENGINE=InnoDB DEFAULT CHARSET=latin1 ROW_FORMAT=COMPACT;

--
-- Dumping data untuk tabel `pembayaran`
--

INSERT INTO `pembayaran` (`id_pembayaran`, `nis`, `id_jn_tagihan`, `nominal_bayar`, `tgl`, `ket`, `id_briva`, `th_akademik`) VALUES
(1, '22527', '1', 250000, '2019-03-09', 'Pembayaran Langsung', '0', 'TH001'),
(2, '22527', '1', 50000, '2019-03-09', 'Pembayaran Langsung', '0', 'TH001'),
(3, '22527', '1', 10000, '2019-03-09', 'Pembayaran Langsung', '0', 'TH001'),
(4, '22527', '1', 200000, '2019-03-09', 'Pembayaran Langsung', '0', 'TH001'),
(5, '22527', '1', 60000, '2019-03-09', 'Pembayaran Langsung', '0', 'TH001'),
(6, '22527', '1', 0, '2019-03-09', 'Pembayaran Langsung', '0', 'TH001'),
(7, '22527', '1', 0, '2019-03-09', 'Pembayaran Langsung', '0', 'TH001'),
(8, '22527', '1', 0, '2019-03-09', 'Pembayaran Langsung', '0', 'TH001'),
(9, '22527', '1', 240000, '2019-03-09', 'Pembayaran Langsung', '0', 'TH001'),
(10, '22527', '1', 0, '2019-03-09', 'Pembayaran Langsung', '0', 'TH001'),
(11, '22527', '1', 0, '2019-03-09', 'Pembayaran Langsung', '0', 'TH001'),
(12, '22527', '1', 300000, '2019-03-09', 'Pembayaran Langsung', '0', 'TH001'),
(13, '22527', '1', 300000, '2019-03-09', 'Pembayaran Langsung', '0', 'TH001'),
(14, '22527', '1', 900000, '2019-03-09', 'Pembayaran Langsung', '0', 'TH001'),
(15, '22528', '1', 100000, '2019-03-09', 'Pembayaran Langsung', '0', 'TH001'),
(16, '22528', '1', 200000, '2019-03-09', 'Pembayaran Langsung', '0', 'TH001'),
(17, '22528', '1', 300000, '2019-03-09', 'Pembayaran Langsung', '0', 'TH001'),
(18, '22528', '1', 600000, '2019-03-09', 'Pembayaran Langsung', '0', 'TH001'),
(19, '22528', '1', 300000, '2019-03-09', 'Pembayaran Langsung', '0', 'TH001'),
(20, '22528', '1', 300000, '2019-03-09', 'Pembayaran Langsung', '0', 'TH001'),
(21, '22529', '1', 200001, '2019-03-09', 'Pembayaran Langsung', '0', 'TH001'),
(22, '22529', '1', 200001, '2019-03-09', 'Pembayaran Langsung', '0', 'TH001'),
(23, '22529', '1', 200001, '2019-03-09', 'Pembayaran Langsung', '0', 'TH001'),
(24, '22529', '1', 200001, '2019-03-10', 'Pembayaran Langsung', '0', 'TH001'),
(25, '22529', '1', 200001, '2019-03-10', 'Pembayaran Langsung', '0', 'TH001'),
(26, '22529', '1', 200001, '2019-03-10', 'Pembayaran Langsung', '0', 'TH001'),
(27, '22530', '1', 200001, '2019-03-10', 'Pembayaran Langsung', '0', 'TH001'),
(28, '22530', '1', 200002, '2019-03-10', 'Pembayaran Langsung', '0', 'TH001'),
(29, '22530', '1', 200001, '2019-03-10', 'Pembayaran Langsung', '0', 'TH001'),
(30, '22530', '1', 200001, '2019-03-10', 'Pembayaran Langsung', '0', 'TH001'),
(31, '22530', '1', 200002, '2019-03-10', 'Pembayaran Langsung', '0', 'TH001'),
(32, '22531', '1', 200000, '2019-03-10', 'Pembayaran Langsung', '0', 'TH001'),
(33, '22531', '1', 200000, '2019-03-10', 'Pembayaran Langsung', '0', 'TH001'),
(34, '22532', '1', 200000, '2019-03-10', 'Pembayaran Langsung', '0', 'TH001'),
(35, '22532', '1', 200001, '2019-03-10', 'Pembayaran Langsung', '0', 'TH001'),
(36, '22532', '1', 200001, '2019-03-10', 'Pembayaran Langsung', '0', 'TH001'),
(37, '22531', '1', 200001, '2019-03-10', 'Pembayaran Langsung', '0', 'TH001'),
(38, '22531', '1', 200001, '2019-03-10', 'Pembayaran Langsung', '0', 'TH001'),
(39, '22531', '1', 200002, '2019-03-10', 'Pembayaran Langsung', '0', 'TH001'),
(40, '22533', '1', 200000, '2019-03-10', 'Pembayaran Langsung', '0', 'TH001'),
(41, '22533', '1', 200000, '2019-03-10', 'Pembayaran Langsung', '0', 'TH001'),
(42, '22533', '1', 200000, '2019-03-10', 'Pembayaran Langsung', '0', 'TH001'),
(43, '22533', '1', 200001, '2019-03-10', 'Pembayaran Langsung', '0', 'TH001'),
(44, '22533', '1', 200001, '2019-03-10', 'Pembayaran Langsung', '0', 'TH001'),
(45, '22534', '1', 200000, '2019-03-10', 'Pembayaran Langsung', '0', 'TH001'),
(46, '22534', '1', 200001, '2019-03-10', 'Pembayaran Langsung', '0', 'TH001'),
(47, '22534', '1', 200001, '2019-03-10', 'Pembayaran Langsung', '0', 'TH001'),
(48, '22534', '1', 500000, '2019-03-10', 'Pembayaran Langsung', '0', 'TH001'),
(49, '22534', '1', 200002, '2019-03-10', 'Pembayaran Langsung', '0', 'TH001'),
(50, '22534', '1', 200001, '2019-03-10', 'Pembayaran Langsung', '0', 'TH001'),
(51, '22535', '1', 200000, '2019-03-10', 'Pembayaran Langsung', '0', 'TH001'),
(52, '22535', '1', 200001, '2019-03-10', 'Pembayaran Langsung', '0', 'TH001'),
(53, '22535', '1', 200001, '2019-03-10', 'Pembayaran Langsung', '0', 'TH001'),
(54, '22535', '1', 200001, '2019-03-10', 'Pembayaran Langsung', '0', 'TH001'),
(55, '22535', '1', 200004, '2019-03-10', 'Pembayaran Langsung', '0', 'TH001');

-- --------------------------------------------------------

--
-- Struktur dari tabel `pengajuan_keringanan`
--

CREATE TABLE `pengajuan_keringanan` (
  `id_pengajuan` int(11) NOT NULL,
  `id_tagihan_siswa` int(11) DEFAULT NULL,
  `nominal_akhir` int(11) NOT NULL,
  `status_pengajuan` int(11) DEFAULT '0',
  `date` date NOT NULL
) ENGINE=InnoDB DEFAULT CHARSET=latin1;

-- --------------------------------------------------------

--
-- Struktur dari tabel `pesan`
--

CREATE TABLE `pesan` (
  `id_pesan` int(10) NOT NULL,
  `isi_pesan` text,
  `tgl` date DEFAULT NULL,
  `nis` int(11) NOT NULL
) ENGINE=InnoDB DEFAULT CHARSET=latin1;

-- --------------------------------------------------------

--
-- Struktur dari tabel `saldo`
--

CREATE TABLE `saldo` (
  `id_saldo` varchar(10) NOT NULL,
  `nominal` int(12) NOT NULL
) ENGINE=InnoDB DEFAULT CHARSET=latin1;

--
-- Dumping data untuk tabel `saldo`
--

INSERT INTO `saldo` (`id_saldo`, `nominal`) VALUES
('S123545', 0),
('S22527', 700000),
('S22528', 100000),
('S22529', 2),
('S22530', 3),
('S22531', 3),
('S22532', 1),
('S22533', 1),
('S22534', 2),
('S22535', 6),
('S22536', 0),
('S22537', 0),
('S22538', 0),
('S22539', 0),
('S22540', 0),
('S22541', 0),
('S22542', 0),
('S22543', 0),
('S22544', 0),
('S22545', 0),
('S22546', 0),
('S22547', 0),
('S22548', 0),
('S22549', 0),
('S22550', 0),
('S22551', 0),
('S22552', 0),
('S22553', 0),
('S22554', 0),
('S22555', 0),
('S22556', 0),
('S22557', 0),
('S22558', 0),
('S22559', 0),
('S22560', 0);

-- --------------------------------------------------------

--
-- Struktur dari tabel `siswa`
--

CREATE TABLE `siswa` (
  `nis` varchar(10) NOT NULL,
  `id_virtual` varchar(15) DEFAULT NULL,
  `id_saldo` varchar(10) NOT NULL,
  `nama_siswa` varchar(50) DEFAULT NULL,
  `jk` varchar(10) DEFAULT NULL
) ENGINE=InnoDB DEFAULT CHARSET=latin1;

--
-- Dumping data untuk tabel `siswa`
--

INSERT INTO `siswa` (`nis`, `id_virtual`, `id_saldo`, `nama_siswa`, `jk`) VALUES
('123545', '702311235452019', 'S123545', 'sed', 'l'),
('22527', '70231225272019', 'S22527', 'ADENIA NADIRA TUZENITHA', 'P'),
('22528', '70231225282019', 'S22528', 'AFNIA MIFTAHUL FIRDAUS', 'P'),
('22529', '70231225292019', 'S22529', 'AINUNO RAVA', 'L'),
('22530', '70231225302019', 'S22530', 'AMANDA PURI NURIS SYA`BAN', 'P'),
('22531', '70231225312019', 'S22531', 'AMILA ZAHRANFAIRUZ HARYANTO', 'P'),
('22532', '70231225322019', 'S22532', 'ARGA SATYA NUGRAHA PUTRA', 'L'),
('22533', '70231225332019', 'S22533', 'ARI FAJARYANI', 'P'),
('22534', '70231225342019', 'S22534', 'ARINI RISKA TRI SURYANDARI', 'P'),
('22535', '70231225352019', 'S22535', 'ARRAYASI ATRIA DANESTI', 'P'),
('22536', '70231225362019', 'S22536', 'AZZAHRA CANTIK ARSENA PUTRI', 'P'),
('22537', '70231225372019', 'S22537', 'AZ-ZAHRA HANI AMARIA', 'P'),
('22538', '70231225382019', 'S22538', 'DAVINA MONICA ILYAS', 'P'),
('22539', '70231225392019', 'S22539', 'DEFA AN NUUR KUSUMAJAKTI', 'P'),
('22540', '70231225402019', 'S22540', 'DENAYA ASHARI RAFLIANA', 'P'),
('22541', '70231225412019', 'S22541', 'FENNY LARASATI', 'P'),
('22542', '70231225422019', 'S22542', 'FIESTA INKA PURWOKO', 'P'),
('22543', '70231225432019', 'S22543', 'GRADY BERLIANO ERRINTA PUTRA', 'L'),
('22544', '70231225442019', 'S22544', 'HANAN SHAFARRA', 'P'),
('22545', '70231225452019', 'S22545', 'INTAN LUTHFIONA AZZAHRA', 'P'),
('22546', '70231225462019', 'S22546', 'IRFAN MIFTAKHUL FIRDAUS', 'L'),
('22547', '70231225472019', 'S22547', 'KENES RATU PAWESTRI', 'P'),
('22548', '70231225482019', 'S22548', 'KEVINA AIDA FEBRIANA', 'P'),
('22549', '70231225492019', 'S22549', 'MALIK RIZKY IRAWAN', 'L'),
('22550', '70231225502019', 'S22550', 'MUHAMMAD IRFAN BAIHAQI', 'L'),
('22551', '70231225512019', 'S22551', 'MUHAMMAD IZZUL KAFI', 'L'),
('22552', '70231225522019', 'S22552', 'MUHAMMAD YUSUF DARUSMAN', 'L'),
('22553', '70231225532019', 'S22553', 'OCHA AURORA ARTAMAYLA RINJANI', 'P'),
('22554', '70231225542019', 'S22554', 'RADEN RORO ADELAURA BESTASYA DANITA', 'P'),
('22555', '70231225552019', 'S22555', 'RASTI AMELIA', 'P'),
('22556', '70231225562019', 'S22556', 'REGITA KUSUMANING PUTRI', 'P'),
('22557', '70231225572019', 'S22557', 'SALSABILA TASYA RAHMA', 'P'),
('22558', '70231225582019', 'S22558', 'SHAFA AZZALYA LARASATI', 'P'),
('22559', '70231225592019', 'S22559', 'SURYA WAHYUDI PUTRO', 'P'),
('22560', '70231225602019', 'S22560', 'TAUSI\'UL ARZAQA', 'P');

-- --------------------------------------------------------

--
-- Struktur dari tabel `tagihan_bulanan`
--

CREATE TABLE `tagihan_bulanan` (
  `id_tagihan_bulanan` int(11) NOT NULL,
  `jn_tagihan` varchar(6) DEFAULT NULL,
  `kelas` varchar(10) DEFAULT NULL,
  `bulan` int(2) DEFAULT NULL,
  `nominal` int(11) DEFAULT NULL,
  `id_th_akademik` varchar(10) DEFAULT NULL
) ENGINE=InnoDB DEFAULT CHARSET=latin1;

--
-- Dumping data untuk tabel `tagihan_bulanan`
--

INSERT INTO `tagihan_bulanan` (`id_tagihan_bulanan`, `jn_tagihan`, `kelas`, `bulan`, `nominal`, `id_th_akademik`) VALUES
(1, '1', '10', 7, 200000, 'TH001'),
(2, '1', '10', 8, 200000, 'TH001'),
(3, '1', '10', 9, 200000, 'TH001'),
(4, '1', '10', 10, 200000, 'TH001'),
(5, '1', '10', 11, 200000, 'TH001'),
(6, '1', '10', 12, 200000, 'TH001'),
(7, 'JNT003', '10', 7, 12, 'TH001'),
(8, 'JNT003', '10', 8, 12, 'TH001'),
(9, 'JNT003', '10', 9, 12, 'TH001'),
(10, 'JNT003', '10', 10, 12, 'TH001'),
(11, 'JNT003', '10', 11, 12, 'TH001'),
(12, 'JNT003', '10', 12, 12, 'TH001'),
(13, '2', '10', 7, 1222, 'TH001');

-- --------------------------------------------------------

--
-- Struktur dari tabel `tagihan_siswa_kls`
--

CREATE TABLE `tagihan_siswa_kls` (
  `id_tagihan_siswa_kelas` int(10) NOT NULL,
  `id_kelas_siswa` int(11) DEFAULT NULL,
  `id_tagihan_bulanan` int(11) DEFAULT NULL,
  `id_pembayaran` int(11) DEFAULT NULL,
  `bulan` int(2) NOT NULL,
  `nominal_tagihan` int(12) DEFAULT NULL,
  `status_bayar` varchar(6) DEFAULT NULL,
  `date` date NOT NULL
) ENGINE=InnoDB DEFAULT CHARSET=latin1 ROW_FORMAT=COMPACT;

--
-- Dumping data untuk tabel `tagihan_siswa_kls`
--

INSERT INTO `tagihan_siswa_kls` (`id_tagihan_siswa_kelas`, `id_kelas_siswa`, `id_tagihan_bulanan`, `id_pembayaran`, `bulan`, `nominal_tagihan`, `status_bayar`, `date`) VALUES
(1, 1, 1, 1, 7, 0, '1', '2019-03-09'),
(2, 2, 1, 16, 7, 0, '1', '2019-03-09'),
(3, 3, 1, 21, 7, 0, '1', '2019-03-09'),
(4, 4, 1, 27, 7, 0, '1', '2019-03-10'),
(5, 5, 1, NULL, 7, 0, '1', '2019-03-10'),
(6, 6, 1, NULL, 7, 0, '1', '2019-03-10'),
(7, 7, 1, 40, 7, 0, '1', '2019-03-10'),
(8, 8, 1, 45, 7, 0, '1', '2019-03-10'),
(9, 9, 1, 51, 7, 0, '1', '2019-03-10'),
(10, 10, 1, 0, 7, 200000, '0', '2019-03-09'),
(11, 11, 1, 0, 7, 200000, '0', '2019-03-09'),
(12, 12, 1, 0, 7, 200000, '0', '2019-03-09'),
(13, 13, 1, 0, 7, 200000, '0', '2019-03-09'),
(14, 14, 1, 0, 7, 200000, '0', '2019-03-09'),
(15, 15, 1, 0, 7, 200000, '0', '2019-03-09'),
(16, 16, 1, 0, 7, 200000, '0', '2019-03-09'),
(17, 17, 1, 0, 7, 200000, '0', '2019-03-09'),
(18, 18, 1, 0, 7, 200000, '0', '2019-03-09'),
(19, 19, 1, 0, 7, 200000, '0', '2019-03-09'),
(20, 20, 1, 0, 7, 200000, '0', '2019-03-09'),
(21, 21, 1, 0, 7, 200000, '0', '2019-03-09'),
(22, 22, 1, 0, 7, 200000, '0', '2019-03-09'),
(23, 23, 1, 0, 7, 200000, '0', '2019-03-09'),
(24, 24, 1, 0, 7, 200000, '0', '2019-03-09'),
(25, 25, 1, 0, 7, 200000, '0', '2019-03-09'),
(26, 26, 1, 0, 7, 200000, '0', '2019-03-09'),
(27, 27, 1, 0, 7, 200000, '0', '2019-03-09'),
(28, 28, 1, 0, 7, 200000, '0', '2019-03-09'),
(29, 29, 1, 0, 7, 200000, '0', '2019-03-09'),
(30, 30, 1, 0, 7, 200000, '0', '2019-03-09'),
(31, 31, 1, 0, 7, 200000, '0', '2019-03-09'),
(32, 32, 1, 0, 7, 200000, '0', '2019-03-09'),
(33, 33, 1, 0, 7, 200000, '0', '2019-03-09'),
(34, 34, 1, 0, 7, 200000, '0', '2019-03-09'),
(35, 1, 2, 4, 8, 0, '1', '2019-03-09'),
(36, 2, 2, 17, 8, 0, '1', '2019-03-09'),
(37, 3, 2, 22, 8, 0, '1', '2019-03-09'),
(38, 4, 2, 28, 8, 0, '1', '2019-03-10'),
(39, 5, 2, NULL, 8, 0, '1', '2019-03-10'),
(40, 6, 2, NULL, 8, 0, '1', '2019-03-10'),
(41, 7, 2, 41, 8, 0, '1', '2019-03-10'),
(42, 8, 2, 46, 8, 0, '1', '2019-03-10'),
(43, 9, 2, 52, 8, 0, '1', '2019-03-10'),
(44, 10, 2, 0, 8, 200000, '0', '2019-03-09'),
(45, 11, 2, 0, 8, 200000, '0', '2019-03-09'),
(46, 12, 2, 0, 8, 200000, '0', '2019-03-09'),
(47, 13, 2, 0, 8, 200000, '0', '2019-03-09'),
(48, 14, 2, 0, 8, 200000, '0', '2019-03-09'),
(49, 15, 2, 0, 8, 200000, '0', '2019-03-09'),
(50, 16, 2, 0, 8, 200000, '0', '2019-03-09'),
(51, 17, 2, 0, 8, 200000, '0', '2019-03-09'),
(52, 18, 2, 0, 8, 200000, '0', '2019-03-09'),
(53, 19, 2, 0, 8, 200000, '0', '2019-03-09'),
(54, 20, 2, 0, 8, 200000, '0', '2019-03-09'),
(55, 21, 2, 0, 8, 200000, '0', '2019-03-09'),
(56, 22, 2, 0, 8, 200000, '0', '2019-03-09'),
(57, 23, 2, 0, 8, 200000, '0', '2019-03-09'),
(58, 24, 2, 0, 8, 200000, '0', '2019-03-09'),
(59, 25, 2, 0, 8, 200000, '0', '2019-03-09'),
(60, 26, 2, 0, 8, 200000, '0', '2019-03-09'),
(61, 27, 2, 0, 8, 200000, '0', '2019-03-09'),
(62, 28, 2, 0, 8, 200000, '0', '2019-03-09'),
(63, 29, 2, 0, 8, 200000, '0', '2019-03-09'),
(64, 30, 2, 0, 8, 200000, '0', '2019-03-09'),
(65, 31, 2, 0, 8, 200000, '0', '2019-03-09'),
(66, 32, 2, 0, 8, 200000, '0', '2019-03-09'),
(67, 33, 2, 0, 8, 200000, '0', '2019-03-09'),
(68, 34, 2, 0, 8, 200000, '0', '2019-03-09'),
(69, 1, 3, 9, 9, 0, '1', '2019-03-09'),
(70, 2, 3, 18, 9, 0, '1', '2019-03-09'),
(71, 3, 3, 23, 9, 0, '1', '2019-03-09'),
(72, 4, 3, 29, 9, 0, '1', '2019-03-10'),
(73, 5, 3, 37, 9, 0, '1', '2019-03-10'),
(74, 6, 3, NULL, 9, 0, '1', '2019-03-10'),
(75, 7, 3, 42, 9, 0, '1', '2019-03-10'),
(76, 8, 3, 47, 9, 0, '1', '2019-03-10'),
(77, 9, 3, 53, 9, 0, '1', '2019-03-10'),
(78, 10, 3, 0, 9, 200000, '0', '2019-03-09'),
(79, 11, 3, 0, 9, 200000, '0', '2019-03-09'),
(80, 12, 3, 0, 9, 200000, '0', '2019-03-09'),
(81, 13, 3, 0, 9, 200000, '0', '2019-03-09'),
(82, 14, 3, 0, 9, 200000, '0', '2019-03-09'),
(83, 15, 3, 0, 9, 200000, '0', '2019-03-09'),
(84, 16, 3, 0, 9, 200000, '0', '2019-03-09'),
(85, 17, 3, 0, 9, 200000, '0', '2019-03-09'),
(86, 18, 3, 0, 9, 200000, '0', '2019-03-09'),
(87, 19, 3, 0, 9, 200000, '0', '2019-03-09'),
(88, 20, 3, 0, 9, 200000, '0', '2019-03-09'),
(89, 21, 3, 0, 9, 200000, '0', '2019-03-09'),
(90, 22, 3, 0, 9, 200000, '0', '2019-03-09'),
(91, 23, 3, 0, 9, 200000, '0', '2019-03-09'),
(92, 24, 3, 0, 9, 200000, '0', '2019-03-09'),
(93, 25, 3, 0, 9, 200000, '0', '2019-03-09'),
(94, 26, 3, 0, 9, 200000, '0', '2019-03-09'),
(95, 27, 3, 0, 9, 200000, '0', '2019-03-09'),
(96, 28, 3, 0, 9, 200000, '0', '2019-03-09'),
(97, 29, 3, 0, 9, 200000, '0', '2019-03-09'),
(98, 30, 3, 0, 9, 200000, '0', '2019-03-09'),
(99, 31, 3, 0, 9, 200000, '0', '2019-03-09'),
(100, 32, 3, 0, 9, 200000, '0', '2019-03-09'),
(101, 33, 3, 0, 9, 200000, '0', '2019-03-09'),
(102, 34, 3, 0, 9, 200000, '0', '2019-03-09'),
(103, 1, 4, 12, 10, 0, '1', '2019-03-09'),
(104, 2, 4, 19, 10, 0, '1', '2019-03-09'),
(105, 3, 4, 24, 10, 0, '1', '2019-03-10'),
(106, 4, 4, 30, 10, 0, '1', '2019-03-10'),
(107, 5, 4, 38, 10, 0, '1', '2019-03-10'),
(108, 6, 4, 0, 10, 200000, '0', '2019-03-09'),
(109, 7, 4, 43, 10, 0, '1', '2019-03-10'),
(110, 8, 4, 48, 10, 0, '1', '2019-03-10'),
(111, 9, 4, 54, 10, 0, '1', '2019-03-10'),
(112, 10, 4, 0, 10, 200000, '0', '2019-03-09'),
(113, 11, 4, 0, 10, 200000, '0', '2019-03-09'),
(114, 12, 4, 0, 10, 200000, '0', '2019-03-09'),
(115, 13, 4, 0, 10, 200000, '0', '2019-03-09'),
(116, 14, 4, 0, 10, 200000, '0', '2019-03-09'),
(117, 15, 4, 0, 10, 200000, '0', '2019-03-09'),
(118, 16, 4, 0, 10, 200000, '0', '2019-03-09'),
(119, 17, 4, 0, 10, 200000, '0', '2019-03-09'),
(120, 18, 4, 0, 10, 200000, '0', '2019-03-09'),
(121, 19, 4, 0, 10, 200000, '0', '2019-03-09'),
(122, 20, 4, 0, 10, 200000, '0', '2019-03-09'),
(123, 21, 4, 0, 10, 200000, '0', '2019-03-09'),
(124, 22, 4, 0, 10, 200000, '0', '2019-03-09'),
(125, 23, 4, 0, 10, 200000, '0', '2019-03-09'),
(126, 24, 4, 0, 10, 200000, '0', '2019-03-09'),
(127, 25, 4, 0, 10, 200000, '0', '2019-03-09'),
(128, 26, 4, 0, 10, 200000, '0', '2019-03-09'),
(129, 27, 4, 0, 10, 200000, '0', '2019-03-09'),
(130, 28, 4, 0, 10, 200000, '0', '2019-03-09'),
(131, 29, 4, 0, 10, 200000, '0', '2019-03-09'),
(132, 30, 4, 0, 10, 200000, '0', '2019-03-09'),
(133, 31, 4, 0, 10, 200000, '0', '2019-03-09'),
(134, 32, 4, 0, 10, 200000, '0', '2019-03-09'),
(135, 33, 4, 0, 10, 200000, '0', '2019-03-09'),
(136, 34, 4, 0, 10, 200000, '0', '2019-03-09'),
(137, 1, 5, 13, 11, 0, '1', '2019-03-09'),
(138, 2, 5, 20, 11, 0, '1', '2019-03-09'),
(139, 3, 5, 25, 11, 0, '1', '2019-03-10'),
(140, 4, 5, 31, 11, 0, '1', '2019-03-10'),
(141, 5, 5, 39, 11, 0, '1', '2019-03-10'),
(142, 6, 5, 0, 11, 200000, '0', '2019-03-09'),
(143, 7, 5, 44, 11, 0, '1', '2019-03-10'),
(144, 8, 5, 49, 11, 0, '1', '2019-03-10'),
(145, 9, 5, 55, 11, 0, '1', '2019-03-10'),
(146, 10, 5, 0, 11, 200000, '0', '2019-03-09'),
(147, 11, 5, 0, 11, 200000, '0', '2019-03-09'),
(148, 12, 5, 0, 11, 200000, '0', '2019-03-09'),
(149, 13, 5, 0, 11, 200000, '0', '2019-03-09'),
(150, 14, 5, 0, 11, 200000, '0', '2019-03-09'),
(151, 15, 5, 0, 11, 200000, '0', '2019-03-09'),
(152, 16, 5, 0, 11, 200000, '0', '2019-03-09'),
(153, 17, 5, 0, 11, 200000, '0', '2019-03-09'),
(154, 18, 5, 0, 11, 200000, '0', '2019-03-09'),
(155, 19, 5, 0, 11, 200000, '0', '2019-03-09'),
(156, 20, 5, 0, 11, 200000, '0', '2019-03-09'),
(157, 21, 5, 0, 11, 200000, '0', '2019-03-09'),
(158, 22, 5, 0, 11, 200000, '0', '2019-03-09'),
(159, 23, 5, 0, 11, 200000, '0', '2019-03-09'),
(160, 24, 5, 0, 11, 200000, '0', '2019-03-09'),
(161, 25, 5, 0, 11, 200000, '0', '2019-03-09'),
(162, 26, 5, 0, 11, 200000, '0', '2019-03-09'),
(163, 27, 5, 0, 11, 200000, '0', '2019-03-09'),
(164, 28, 5, 0, 11, 200000, '0', '2019-03-09'),
(165, 29, 5, 0, 11, 200000, '0', '2019-03-09'),
(166, 30, 5, 0, 11, 200000, '0', '2019-03-09'),
(167, 31, 5, 0, 11, 200000, '0', '2019-03-09'),
(168, 32, 5, 0, 11, 200000, '0', '2019-03-09'),
(169, 33, 5, 0, 11, 200000, '0', '2019-03-09'),
(170, 34, 5, 0, 11, 200000, '0', '2019-03-09'),
(171, 1, 6, 14, 12, 0, '1', '2019-03-09'),
(172, 2, 6, 0, 12, 200000, '0', '2019-03-09'),
(173, 3, 6, 26, 12, 0, '1', '2019-03-10'),
(174, 4, 6, 0, 12, 200000, '0', '2019-03-09'),
(175, 5, 6, 0, 12, 200000, '0', '2019-03-09'),
(176, 6, 6, 0, 12, 200000, '0', '2019-03-09'),
(177, 7, 6, 0, 12, 200000, '0', '2019-03-09'),
(178, 8, 6, 50, 12, 0, '1', '2019-03-10'),
(179, 9, 6, 0, 12, 200000, '0', '2019-03-09'),
(180, 10, 6, 0, 12, 200000, '0', '2019-03-09'),
(181, 11, 6, 0, 12, 200000, '0', '2019-03-09'),
(182, 12, 6, 0, 12, 200000, '0', '2019-03-09'),
(183, 13, 6, 0, 12, 200000, '0', '2019-03-09'),
(184, 14, 6, 0, 12, 200000, '0', '2019-03-09'),
(185, 15, 6, 0, 12, 200000, '0', '2019-03-09'),
(186, 16, 6, 0, 12, 200000, '0', '2019-03-09'),
(187, 17, 6, 0, 12, 200000, '0', '2019-03-09'),
(188, 18, 6, 0, 12, 200000, '0', '2019-03-09'),
(189, 19, 6, 0, 12, 200000, '0', '2019-03-09'),
(190, 20, 6, 0, 12, 200000, '0', '2019-03-09'),
(191, 21, 6, 0, 12, 200000, '0', '2019-03-09'),
(192, 22, 6, 0, 12, 200000, '0', '2019-03-09'),
(193, 23, 6, 0, 12, 200000, '0', '2019-03-09'),
(194, 24, 6, 0, 12, 200000, '0', '2019-03-09'),
(195, 25, 6, 0, 12, 200000, '0', '2019-03-09'),
(196, 26, 6, 0, 12, 200000, '0', '2019-03-09'),
(197, 27, 6, 0, 12, 200000, '0', '2019-03-09'),
(198, 28, 6, 0, 12, 200000, '0', '2019-03-09'),
(199, 29, 6, 0, 12, 200000, '0', '2019-03-09'),
(200, 30, 6, 0, 12, 200000, '0', '2019-03-09'),
(201, 31, 6, 0, 12, 200000, '0', '2019-03-09'),
(202, 32, 6, 0, 12, 200000, '0', '2019-03-09'),
(203, 33, 6, 0, 12, 200000, '0', '2019-03-09'),
(204, 34, 6, 0, 12, 200000, '0', '2019-03-09'),
(205, 1, 7, 0, 7, 12, '0', '2019-04-03'),
(206, 2, 7, 0, 7, 12, '0', '2019-04-03'),
(207, 3, 7, 0, 7, 12, '0', '2019-04-03'),
(208, 4, 7, 0, 7, 12, '0', '2019-04-03'),
(209, 5, 7, 0, 7, 12, '0', '2019-04-03'),
(210, 6, 7, 0, 7, 12, '0', '2019-04-03'),
(211, 7, 7, 0, 7, 12, '0', '2019-04-03'),
(212, 8, 7, 0, 7, 12, '0', '2019-04-03'),
(213, 9, 7, 0, 7, 12, '0', '2019-04-03'),
(214, 10, 7, 0, 7, 12, '0', '2019-04-03'),
(215, 11, 7, 0, 7, 12, '0', '2019-04-03'),
(216, 12, 7, 0, 7, 12, '0', '2019-04-03'),
(217, 13, 7, 0, 7, 12, '0', '2019-04-03'),
(218, 14, 7, 0, 7, 12, '0', '2019-04-03'),
(219, 15, 7, 0, 7, 12, '0', '2019-04-03'),
(220, 16, 7, 0, 7, 12, '0', '2019-04-03'),
(221, 17, 7, 0, 7, 12, '0', '2019-04-03'),
(222, 18, 7, 0, 7, 12, '0', '2019-04-03'),
(223, 19, 7, 0, 7, 12, '0', '2019-04-03'),
(224, 20, 7, 0, 7, 12, '0', '2019-04-03'),
(225, 21, 7, 0, 7, 12, '0', '2019-04-03'),
(226, 22, 7, 0, 7, 12, '0', '2019-04-03'),
(227, 23, 7, 0, 7, 12, '0', '2019-04-03'),
(228, 24, 7, 0, 7, 12, '0', '2019-04-03'),
(229, 25, 7, 0, 7, 12, '0', '2019-04-03'),
(230, 26, 7, 0, 7, 12, '0', '2019-04-03'),
(231, 27, 7, 0, 7, 12, '0', '2019-04-03'),
(232, 28, 7, 0, 7, 12, '0', '2019-04-03'),
(233, 29, 7, 0, 7, 12, '0', '2019-04-03'),
(234, 30, 7, 0, 7, 12, '0', '2019-04-03'),
(235, 31, 7, 0, 7, 12, '0', '2019-04-03'),
(236, 32, 7, 0, 7, 12, '0', '2019-04-03'),
(237, 33, 7, 0, 7, 12, '0', '2019-04-03'),
(238, 34, 7, 0, 7, 12, '0', '2019-04-03'),
(239, 1, 8, 0, 8, 12, '0', '2019-04-03'),
(240, 2, 8, 0, 8, 12, '0', '2019-04-03'),
(241, 3, 8, 0, 8, 12, '0', '2019-04-03'),
(242, 4, 8, 0, 8, 12, '0', '2019-04-03'),
(243, 5, 8, 0, 8, 12, '0', '2019-04-03'),
(244, 6, 8, 0, 8, 12, '0', '2019-04-03'),
(245, 7, 8, 0, 8, 12, '0', '2019-04-03'),
(246, 8, 8, 0, 8, 12, '0', '2019-04-03'),
(247, 9, 8, 0, 8, 12, '0', '2019-04-03'),
(248, 10, 8, 0, 8, 12, '0', '2019-04-03'),
(249, 11, 8, 0, 8, 12, '0', '2019-04-03'),
(250, 12, 8, 0, 8, 12, '0', '2019-04-03'),
(251, 13, 8, 0, 8, 12, '0', '2019-04-03'),
(252, 14, 8, 0, 8, 12, '0', '2019-04-03'),
(253, 15, 8, 0, 8, 12, '0', '2019-04-03'),
(254, 16, 8, 0, 8, 12, '0', '2019-04-03'),
(255, 17, 8, 0, 8, 12, '0', '2019-04-03'),
(256, 18, 8, 0, 8, 12, '0', '2019-04-03'),
(257, 19, 8, 0, 8, 12, '0', '2019-04-03'),
(258, 20, 8, 0, 8, 12, '0', '2019-04-03'),
(259, 21, 8, 0, 8, 12, '0', '2019-04-03'),
(260, 22, 8, 0, 8, 12, '0', '2019-04-03'),
(261, 23, 8, 0, 8, 12, '0', '2019-04-03'),
(262, 24, 8, 0, 8, 12, '0', '2019-04-03'),
(263, 25, 8, 0, 8, 12, '0', '2019-04-03'),
(264, 26, 8, 0, 8, 12, '0', '2019-04-03'),
(265, 27, 8, 0, 8, 12, '0', '2019-04-03'),
(266, 28, 8, 0, 8, 12, '0', '2019-04-03'),
(267, 29, 8, 0, 8, 12, '0', '2019-04-03'),
(268, 30, 8, 0, 8, 12, '0', '2019-04-03'),
(269, 31, 8, 0, 8, 12, '0', '2019-04-03'),
(270, 32, 8, 0, 8, 12, '0', '2019-04-03'),
(271, 33, 8, 0, 8, 12, '0', '2019-04-03'),
(272, 34, 8, 0, 8, 12, '0', '2019-04-03'),
(273, 1, 9, 0, 9, 12, '0', '2019-04-03'),
(274, 2, 9, 0, 9, 12, '0', '2019-04-03'),
(275, 3, 9, 0, 9, 12, '0', '2019-04-03'),
(276, 4, 9, 0, 9, 12, '0', '2019-04-03'),
(277, 5, 9, 0, 9, 12, '0', '2019-04-03'),
(278, 6, 9, 0, 9, 12, '0', '2019-04-03'),
(279, 7, 9, 0, 9, 12, '0', '2019-04-03'),
(280, 8, 9, 0, 9, 12, '0', '2019-04-03'),
(281, 9, 9, 0, 9, 12, '0', '2019-04-03'),
(282, 10, 9, 0, 9, 12, '0', '2019-04-03'),
(283, 11, 9, 0, 9, 12, '0', '2019-04-03'),
(284, 12, 9, 0, 9, 12, '0', '2019-04-03'),
(285, 13, 9, 0, 9, 12, '0', '2019-04-03'),
(286, 14, 9, 0, 9, 12, '0', '2019-04-03'),
(287, 15, 9, 0, 9, 12, '0', '2019-04-03'),
(288, 16, 9, 0, 9, 12, '0', '2019-04-03'),
(289, 17, 9, 0, 9, 12, '0', '2019-04-03'),
(290, 18, 9, 0, 9, 12, '0', '2019-04-03'),
(291, 19, 9, 0, 9, 12, '0', '2019-04-03'),
(292, 20, 9, 0, 9, 12, '0', '2019-04-03'),
(293, 21, 9, 0, 9, 12, '0', '2019-04-03'),
(294, 22, 9, 0, 9, 12, '0', '2019-04-03'),
(295, 23, 9, 0, 9, 12, '0', '2019-04-03'),
(296, 24, 9, 0, 9, 12, '0', '2019-04-03'),
(297, 25, 9, 0, 9, 12, '0', '2019-04-03'),
(298, 26, 9, 0, 9, 12, '0', '2019-04-03'),
(299, 27, 9, 0, 9, 12, '0', '2019-04-03'),
(300, 28, 9, 0, 9, 12, '0', '2019-04-03'),
(301, 29, 9, 0, 9, 12, '0', '2019-04-03'),
(302, 30, 9, 0, 9, 12, '0', '2019-04-03'),
(303, 31, 9, 0, 9, 12, '0', '2019-04-03'),
(304, 32, 9, 0, 9, 12, '0', '2019-04-03'),
(305, 33, 9, 0, 9, 12, '0', '2019-04-03'),
(306, 34, 9, 0, 9, 12, '0', '2019-04-03'),
(307, 1, 10, 0, 10, 12, '0', '2019-04-03'),
(308, 2, 10, 0, 10, 12, '0', '2019-04-03'),
(309, 3, 10, 0, 10, 12, '0', '2019-04-03'),
(310, 4, 10, 0, 10, 12, '0', '2019-04-03'),
(311, 5, 10, 0, 10, 12, '0', '2019-04-03'),
(312, 6, 10, 0, 10, 12, '0', '2019-04-03'),
(313, 7, 10, 0, 10, 12, '0', '2019-04-03'),
(314, 8, 10, 0, 10, 12, '0', '2019-04-03'),
(315, 9, 10, 0, 10, 12, '0', '2019-04-03'),
(316, 10, 10, 0, 10, 12, '0', '2019-04-03'),
(317, 11, 10, 0, 10, 12, '0', '2019-04-03'),
(318, 12, 10, 0, 10, 12, '0', '2019-04-03'),
(319, 13, 10, 0, 10, 12, '0', '2019-04-03'),
(320, 14, 10, 0, 10, 12, '0', '2019-04-03'),
(321, 15, 10, 0, 10, 12, '0', '2019-04-03'),
(322, 16, 10, 0, 10, 12, '0', '2019-04-03'),
(323, 17, 10, 0, 10, 12, '0', '2019-04-03'),
(324, 18, 10, 0, 10, 12, '0', '2019-04-03'),
(325, 19, 10, 0, 10, 12, '0', '2019-04-03'),
(326, 20, 10, 0, 10, 12, '0', '2019-04-03'),
(327, 21, 10, 0, 10, 12, '0', '2019-04-03'),
(328, 22, 10, 0, 10, 12, '0', '2019-04-03'),
(329, 23, 10, 0, 10, 12, '0', '2019-04-03'),
(330, 24, 10, 0, 10, 12, '0', '2019-04-03'),
(331, 25, 10, 0, 10, 12, '0', '2019-04-03'),
(332, 26, 10, 0, 10, 12, '0', '2019-04-03'),
(333, 27, 10, 0, 10, 12, '0', '2019-04-03'),
(334, 28, 10, 0, 10, 12, '0', '2019-04-03'),
(335, 29, 10, 0, 10, 12, '0', '2019-04-03'),
(336, 30, 10, 0, 10, 12, '0', '2019-04-03'),
(337, 31, 10, 0, 10, 12, '0', '2019-04-03'),
(338, 32, 10, 0, 10, 12, '0', '2019-04-03'),
(339, 33, 10, 0, 10, 12, '0', '2019-04-03'),
(340, 34, 10, 0, 10, 12, '0', '2019-04-03'),
(341, 1, 11, 0, 11, 12, '0', '2019-04-03'),
(342, 2, 11, 0, 11, 12, '0', '2019-04-03'),
(343, 3, 11, 0, 11, 12, '0', '2019-04-03'),
(344, 4, 11, 0, 11, 12, '0', '2019-04-03'),
(345, 5, 11, 0, 11, 12, '0', '2019-04-03'),
(346, 6, 11, 0, 11, 12, '0', '2019-04-03'),
(347, 7, 11, 0, 11, 12, '0', '2019-04-03'),
(348, 8, 11, 0, 11, 12, '0', '2019-04-03'),
(349, 9, 11, 0, 11, 12, '0', '2019-04-03'),
(350, 10, 11, 0, 11, 12, '0', '2019-04-03'),
(351, 11, 11, 0, 11, 12, '0', '2019-04-03'),
(352, 12, 11, 0, 11, 12, '0', '2019-04-03'),
(353, 13, 11, 0, 11, 12, '0', '2019-04-03'),
(354, 14, 11, 0, 11, 12, '0', '2019-04-03'),
(355, 15, 11, 0, 11, 12, '0', '2019-04-03'),
(356, 16, 11, 0, 11, 12, '0', '2019-04-03'),
(357, 17, 11, 0, 11, 12, '0', '2019-04-03'),
(358, 18, 11, 0, 11, 12, '0', '2019-04-03'),
(359, 19, 11, 0, 11, 12, '0', '2019-04-03'),
(360, 20, 11, 0, 11, 12, '0', '2019-04-03'),
(361, 21, 11, 0, 11, 12, '0', '2019-04-03'),
(362, 22, 11, 0, 11, 12, '0', '2019-04-03'),
(363, 23, 11, 0, 11, 12, '0', '2019-04-03'),
(364, 24, 11, 0, 11, 12, '0', '2019-04-03'),
(365, 25, 11, 0, 11, 12, '0', '2019-04-03'),
(366, 26, 11, 0, 11, 12, '0', '2019-04-03'),
(367, 27, 11, 0, 11, 12, '0', '2019-04-03'),
(368, 28, 11, 0, 11, 12, '0', '2019-04-03'),
(369, 29, 11, 0, 11, 12, '0', '2019-04-03'),
(370, 30, 11, 0, 11, 12, '0', '2019-04-03'),
(371, 31, 11, 0, 11, 12, '0', '2019-04-03'),
(372, 32, 11, 0, 11, 12, '0', '2019-04-03'),
(373, 33, 11, 0, 11, 12, '0', '2019-04-03'),
(374, 34, 11, 0, 11, 12, '0', '2019-04-03'),
(375, 1, 12, 0, 12, 12, '0', '2019-04-03'),
(376, 2, 12, 0, 12, 12, '0', '2019-04-03'),
(377, 3, 12, 0, 12, 12, '0', '2019-04-03'),
(378, 4, 12, 0, 12, 12, '0', '2019-04-03'),
(379, 5, 12, 0, 12, 12, '0', '2019-04-03'),
(380, 6, 12, 0, 12, 12, '0', '2019-04-03'),
(381, 7, 12, 0, 12, 12, '0', '2019-04-03'),
(382, 8, 12, 0, 12, 12, '0', '2019-04-03'),
(383, 9, 12, 0, 12, 12, '0', '2019-04-03'),
(384, 10, 12, 0, 12, 12, '0', '2019-04-03'),
(385, 11, 12, 0, 12, 12, '0', '2019-04-03'),
(386, 12, 12, 0, 12, 12, '0', '2019-04-03'),
(387, 13, 12, 0, 12, 12, '0', '2019-04-03'),
(388, 14, 12, 0, 12, 12, '0', '2019-04-03'),
(389, 15, 12, 0, 12, 12, '0', '2019-04-03'),
(390, 16, 12, 0, 12, 12, '0', '2019-04-03'),
(391, 17, 12, 0, 12, 12, '0', '2019-04-03'),
(392, 18, 12, 0, 12, 12, '0', '2019-04-03'),
(393, 19, 12, 0, 12, 12, '0', '2019-04-03'),
(394, 20, 12, 0, 12, 12, '0', '2019-04-03'),
(395, 21, 12, 0, 12, 12, '0', '2019-04-03'),
(396, 22, 12, 0, 12, 12, '0', '2019-04-03'),
(397, 23, 12, 0, 12, 12, '0', '2019-04-03'),
(398, 24, 12, 0, 12, 12, '0', '2019-04-03'),
(399, 25, 12, 0, 12, 12, '0', '2019-04-03'),
(400, 26, 12, 0, 12, 12, '0', '2019-04-03'),
(401, 27, 12, 0, 12, 12, '0', '2019-04-03'),
(402, 28, 12, 0, 12, 12, '0', '2019-04-03'),
(403, 29, 12, 0, 12, 12, '0', '2019-04-03'),
(404, 30, 12, 0, 12, 12, '0', '2019-04-03'),
(405, 31, 12, 0, 12, 12, '0', '2019-04-03'),
(406, 32, 12, 0, 12, 12, '0', '2019-04-03'),
(407, 33, 12, 0, 12, 12, '0', '2019-04-03'),
(408, 34, 12, 0, 12, 12, '0', '2019-04-03'),
(409, 1, 13, 0, 7, 1222, '0', '2019-04-03'),
(410, 2, 13, 0, 7, 1222, '0', '2019-04-03'),
(411, 3, 13, 0, 7, 1222, '0', '2019-04-03'),
(412, 4, 13, 0, 7, 1222, '0', '2019-04-03'),
(413, 5, 13, 0, 7, 1222, '0', '2019-04-03'),
(414, 6, 13, 0, 7, 1222, '0', '2019-04-03'),
(415, 7, 13, 0, 7, 1222, '0', '2019-04-03'),
(416, 8, 13, 0, 7, 1222, '0', '2019-04-03'),
(417, 9, 13, 0, 7, 1222, '0', '2019-04-03'),
(418, 10, 13, 0, 7, 1222, '0', '2019-04-03'),
(419, 11, 13, 0, 7, 1222, '0', '2019-04-03'),
(420, 12, 13, 0, 7, 1222, '0', '2019-04-03'),
(421, 13, 13, 0, 7, 1222, '0', '2019-04-03'),
(422, 14, 13, 0, 7, 1222, '0', '2019-04-03'),
(423, 15, 13, 0, 7, 1222, '0', '2019-04-03'),
(424, 16, 13, 0, 7, 1222, '0', '2019-04-03'),
(425, 17, 13, 0, 7, 1222, '0', '2019-04-03'),
(426, 18, 13, 0, 7, 1222, '0', '2019-04-03'),
(427, 19, 13, 0, 7, 1222, '0', '2019-04-03'),
(428, 20, 13, 0, 7, 1222, '0', '2019-04-03'),
(429, 21, 13, 0, 7, 1222, '0', '2019-04-03'),
(430, 22, 13, 0, 7, 1222, '0', '2019-04-03'),
(431, 23, 13, 0, 7, 1222, '0', '2019-04-03'),
(432, 24, 13, 0, 7, 1222, '0', '2019-04-03'),
(433, 25, 13, 0, 7, 1222, '0', '2019-04-03'),
(434, 26, 13, 0, 7, 1222, '0', '2019-04-03'),
(435, 27, 13, 0, 7, 1222, '0', '2019-04-03'),
(436, 28, 13, 0, 7, 1222, '0', '2019-04-03'),
(437, 29, 13, 0, 7, 1222, '0', '2019-04-03'),
(438, 30, 13, 0, 7, 1222, '0', '2019-04-03'),
(439, 31, 13, 0, 7, 1222, '0', '2019-04-03'),
(440, 32, 13, 0, 7, 1222, '0', '2019-04-03'),
(441, 33, 13, 0, 7, 1222, '0', '2019-04-03'),
(442, 34, 13, 0, 7, 1222, '0', '2019-04-03');

-- --------------------------------------------------------

--
-- Struktur dari tabel `th_akademik`
--

CREATE TABLE `th_akademik` (
  `id_th_akademik` varchar(10) NOT NULL,
  `tahun` varchar(10) DEFAULT NULL,
  `semester` int(11) DEFAULT NULL,
  `status` varchar(10) DEFAULT NULL
) ENGINE=InnoDB DEFAULT CHARSET=latin1;

--
-- Dumping data untuk tabel `th_akademik`
--

INSERT INTO `th_akademik` (`id_th_akademik`, `tahun`, `semester`, `status`) VALUES
('TH001', '2017/2018', 1, '1'),
('TH002', '2017/2018', 2, '0'),
('TH003', '2018/2019', 1, '0'),
('TH004', '2018/2019', 2, '0'),
('TH005', '2019/2020', 1, '0'),
('TH006', '2019/2020', 2, '0');

-- --------------------------------------------------------

--
-- Struktur dari tabel `tmp`
--

CREATE TABLE `tmp` (
  `id` int(11) NOT NULL,
  `date` date NOT NULL,
  `time` time NOT NULL,
  `briva` varchar(255) NOT NULL,
  `jumlah` varchar(23) NOT NULL
) ENGINE=InnoDB DEFAULT CHARSET=latin1 ROW_FORMAT=COMPACT;

-- --------------------------------------------------------

--
-- Struktur dari tabel `user`
--

CREATE TABLE `user` (
  `id_user` varchar(10) NOT NULL,
  `nama_user` varchar(30) NOT NULL,
  `jabatan` varchar(15) NOT NULL,
  `username` varchar(15) NOT NULL,
  `password` varchar(15) NOT NULL
) ENGINE=InnoDB DEFAULT CHARSET=latin1;

--
-- Dumping data untuk tabel `user`
--

INSERT INTO `user` (`id_user`, `nama_user`, `jabatan`, `username`, `password`) VALUES
('1', 'Yusri Dwi N', 'admin TU', 'admin', 'admin'),
('2', 'Bu kepala sekolah', 'Kepala Sekolah', 'kepsek', 'kepsek'),
('21822', 'ALYA TISAPUTRI', 'siswa', '21822', '21822'),
('22126', 'AFIFAH DIANA PUTRI', 'siswa', '22126', '22126'),
('22171', 'ALDEBARAN', 'siswa', '22171', '22171'),
('22474', 'AMELIA SEKAR PUTRIAMITA', 'siswa', '22474', '22474'),
('22527', 'adenia', 'siswa', '22527', '22527'),
('22529', 'AINUNO RAVA', 'siswa', '22529', '22529'),
('22595', 'ALMA SANMOWA ROIDA', 'siswa', '22595', '22595');

--
-- Indexes for dumped tables
--

--
-- Indeks untuk tabel `jn_tagihan`
--
ALTER TABLE `jn_tagihan`
  ADD PRIMARY KEY (`id_jn_tagihan`);

--
-- Indeks untuk tabel `kelas`
--
ALTER TABLE `kelas`
  ADD PRIMARY KEY (`id_kelas`);

--
-- Indeks untuk tabel `kelas_siswa`
--
ALTER TABLE `kelas_siswa`
  ADD PRIMARY KEY (`id_kelas_siswa`),
  ADD KEY `FK_kelas_siswa_kelas_id_kelas` (`id_kelas`),
  ADD KEY `FK_kelas_siswa_th_akademik_id_th_akademik` (`id_th_akademik`),
  ADD KEY `FK_kelas_siswa_siswa_nis` (`nis`);

--
-- Indeks untuk tabel `pembayaran`
--
ALTER TABLE `pembayaran`
  ADD PRIMARY KEY (`id_pembayaran`),
  ADD KEY `FK_pembayaran_siswa_nis` (`nis`),
  ADD KEY `FK_pembayaran_jn_tagihan_id_jn_tagihan` (`id_jn_tagihan`);

--
-- Indeks untuk tabel `pengajuan_keringanan`
--
ALTER TABLE `pengajuan_keringanan`
  ADD PRIMARY KEY (`id_pengajuan`),
  ADD UNIQUE KEY `id_pengajuan` (`id_pengajuan`),
  ADD KEY `id_tagihan_siswa` (`id_tagihan_siswa`);

--
-- Indeks untuk tabel `pesan`
--
ALTER TABLE `pesan`
  ADD PRIMARY KEY (`id_pesan`);

--
-- Indeks untuk tabel `saldo`
--
ALTER TABLE `saldo`
  ADD PRIMARY KEY (`id_saldo`);

--
-- Indeks untuk tabel `siswa`
--
ALTER TABLE `siswa`
  ADD PRIMARY KEY (`nis`),
  ADD KEY `id_saldo` (`id_saldo`);

--
-- Indeks untuk tabel `tagihan_bulanan`
--
ALTER TABLE `tagihan_bulanan`
  ADD PRIMARY KEY (`id_tagihan_bulanan`),
  ADD KEY `FK_tagihan_bulanan_jn_tagihan_id_jn_tagihan` (`jn_tagihan`),
  ADD KEY `id_th_akademik` (`id_th_akademik`),
  ADD KEY `kelas` (`kelas`);

--
-- Indeks untuk tabel `tagihan_siswa_kls`
--
ALTER TABLE `tagihan_siswa_kls`
  ADD PRIMARY KEY (`id_tagihan_siswa_kelas`),
  ADD KEY `FK_det_tagihan_kelas_siswa_id_kelas_siswa` (`id_kelas_siswa`),
  ADD KEY `id_tagihan_bulanan` (`id_tagihan_bulanan`);

--
-- Indeks untuk tabel `th_akademik`
--
ALTER TABLE `th_akademik`
  ADD PRIMARY KEY (`id_th_akademik`);

--
-- Indeks untuk tabel `tmp`
--
ALTER TABLE `tmp`
  ADD PRIMARY KEY (`id`);

--
-- Indeks untuk tabel `user`
--
ALTER TABLE `user`
  ADD PRIMARY KEY (`id_user`),
  ADD UNIQUE KEY `username` (`username`);

--
-- AUTO_INCREMENT untuk tabel yang dibuang
--

--
-- AUTO_INCREMENT untuk tabel `kelas_siswa`
--
ALTER TABLE `kelas_siswa`
  MODIFY `id_kelas_siswa` int(11) NOT NULL AUTO_INCREMENT, AUTO_INCREMENT=36;

--
-- AUTO_INCREMENT untuk tabel `pembayaran`
--
ALTER TABLE `pembayaran`
  MODIFY `id_pembayaran` int(11) NOT NULL AUTO_INCREMENT, AUTO_INCREMENT=56;

--
-- AUTO_INCREMENT untuk tabel `pengajuan_keringanan`
--
ALTER TABLE `pengajuan_keringanan`
  MODIFY `id_pengajuan` int(11) NOT NULL AUTO_INCREMENT;

--
-- AUTO_INCREMENT untuk tabel `pesan`
--
ALTER TABLE `pesan`
  MODIFY `id_pesan` int(10) NOT NULL AUTO_INCREMENT;

--
-- AUTO_INCREMENT untuk tabel `tagihan_bulanan`
--
ALTER TABLE `tagihan_bulanan`
  MODIFY `id_tagihan_bulanan` int(11) NOT NULL AUTO_INCREMENT, AUTO_INCREMENT=14;

--
-- AUTO_INCREMENT untuk tabel `tagihan_siswa_kls`
--
ALTER TABLE `tagihan_siswa_kls`
  MODIFY `id_tagihan_siswa_kelas` int(10) NOT NULL AUTO_INCREMENT, AUTO_INCREMENT=443;

--
-- AUTO_INCREMENT untuk tabel `tmp`
--
ALTER TABLE `tmp`
  MODIFY `id` int(11) NOT NULL AUTO_INCREMENT;

--
-- Ketidakleluasaan untuk tabel pelimpahan (Dumped Tables)
--

--
-- Ketidakleluasaan untuk tabel `kelas_siswa`
--
ALTER TABLE `kelas_siswa`
  ADD CONSTRAINT `FK_kelas_siswa_kelas_id_kelas` FOREIGN KEY (`id_kelas`) REFERENCES `kelas` (`id_kelas`) ON DELETE NO ACTION ON UPDATE NO ACTION,
  ADD CONSTRAINT `FK_kelas_siswa_siswa_nis` FOREIGN KEY (`nis`) REFERENCES `siswa` (`nis`) ON DELETE CASCADE ON UPDATE NO ACTION,
  ADD CONSTRAINT `FK_kelas_siswa_th_akademik_id_th_akademik` FOREIGN KEY (`id_th_akademik`) REFERENCES `th_akademik` (`id_th_akademik`) ON DELETE NO ACTION ON UPDATE NO ACTION;

--
-- Ketidakleluasaan untuk tabel `pembayaran`
--
ALTER TABLE `pembayaran`
  ADD CONSTRAINT `pembayaran_ibfk_1` FOREIGN KEY (`id_jn_tagihan`) REFERENCES `jn_tagihan` (`id_jn_tagihan`) ON DELETE CASCADE ON UPDATE CASCADE;

--
-- Ketidakleluasaan untuk tabel `pengajuan_keringanan`
--
ALTER TABLE `pengajuan_keringanan`
  ADD CONSTRAINT `pengajuan_keringanan_ibfk_1` FOREIGN KEY (`id_tagihan_siswa`) REFERENCES `tagihan_siswa_kls` (`id_tagihan_siswa_kelas`);

--
-- Ketidakleluasaan untuk tabel `siswa`
--
ALTER TABLE `siswa`
  ADD CONSTRAINT `siswa_ibfk_1` FOREIGN KEY (`id_saldo`) REFERENCES `saldo` (`id_saldo`);

--
-- Ketidakleluasaan untuk tabel `tagihan_bulanan`
--
ALTER TABLE `tagihan_bulanan`
  ADD CONSTRAINT `FK_tagihan_bulanan_jn_tagihan_id_jn_tagihan` FOREIGN KEY (`jn_tagihan`) REFERENCES `jn_tagihan` (`id_jn_tagihan`) ON DELETE NO ACTION ON UPDATE NO ACTION,
  ADD CONSTRAINT `tagihan_bulanan_ibfk_1` FOREIGN KEY (`id_th_akademik`) REFERENCES `th_akademik` (`id_th_akademik`);

--
-- Ketidakleluasaan untuk tabel `tagihan_siswa_kls`
--
ALTER TABLE `tagihan_siswa_kls`
  ADD CONSTRAINT `FK_det_tagihan_kelas_siswa_id_kelas_siswa` FOREIGN KEY (`id_kelas_siswa`) REFERENCES `kelas_siswa` (`id_kelas_siswa`) ON DELETE NO ACTION ON UPDATE NO ACTION,
  ADD CONSTRAINT `tagihan_siswa_kls_ibfk_1` FOREIGN KEY (`id_tagihan_bulanan`) REFERENCES `tagihan_bulanan` (`id_tagihan_bulanan`);
COMMIT;

/*!40101 SET CHARACTER_SET_CLIENT=@OLD_CHARACTER_SET_CLIENT */;
/*!40101 SET CHARACTER_SET_RESULTS=@OLD_CHARACTER_SET_RESULTS */;
/*!40101 SET COLLATION_CONNECTION=@OLD_COLLATION_CONNECTION */;
