-- phpMyAdmin SQL Dump
-- version 4.6.5.2
-- https://www.phpmyadmin.net/
--
-- Host: 127.0.0.1
-- Generation Time: 01 Jul 2018 pada 12.27
-- Versi Server: 10.1.21-MariaDB
-- PHP Version: 5.6.30

SET SQL_MODE = "NO_AUTO_VALUE_ON_ZERO";
SET time_zone = "+00:00";


/*!40101 SET @OLD_CHARACTER_SET_CLIENT=@@CHARACTER_SET_CLIENT */;
/*!40101 SET @OLD_CHARACTER_SET_RESULTS=@@CHARACTER_SET_RESULTS */;
/*!40101 SET @OLD_COLLATION_CONNECTION=@@COLLATION_CONNECTION */;
/*!40101 SET NAMES utf8mb4 */;

--
-- Database: `spp`
--

-- --------------------------------------------------------

--
-- Struktur dari tabel `jn_tagihan`
--

CREATE TABLE `jn_tagihan` (
  `id_jn_tagihan` varchar(6) NOT NULL,
  `jn_tagihan` varchar(10) DEFAULT NULL
) ENGINE=InnoDB DEFAULT CHARSET=latin1;

--
-- Dumping data untuk tabel `jn_tagihan`
--

INSERT INTO `jn_tagihan` (`id_jn_tagihan`, `jn_tagihan`) VALUES
('1', 'SPP oke'),
('2', 'bangunan');

-- --------------------------------------------------------

--
-- Struktur dari tabel `kelas`
--

CREATE TABLE `kelas` (
  `id_kelas` varchar(10) NOT NULL,
  `nama_kelas` varchar(10) DEFAULT NULL,
  `tingkat` int(5) DEFAULT NULL
) ENGINE=InnoDB DEFAULT CHARSET=latin1;

--
-- Dumping data untuk tabel `kelas`
--

INSERT INTO `kelas` (`id_kelas`, `nama_kelas`, `tingkat`) VALUES
('k1', 'MIPA1', 10),
('k2', 'IPS1', 10),
('k3', 'MIPA1', 11),
('k4', 'IPS1', 11),
('k5', 'MIPA1', 12),
('k6', 'IPS1', 12),
('k7', 'Lulus', 0);

-- --------------------------------------------------------

--
-- Struktur dari tabel `kelas_siswa`
--

CREATE TABLE `kelas_siswa` (
  `id_kelas_siswa` int(11) NOT NULL,
  `nis` varchar(10) DEFAULT NULL,
  `id_kelas` varchar(10) DEFAULT NULL,
  `id_th_akademik` varchar(10) DEFAULT NULL
) ENGINE=InnoDB DEFAULT CHARSET=latin1;

--
-- Dumping data untuk tabel `kelas_siswa`
--

INSERT INTO `kelas_siswa` (`id_kelas_siswa`, `nis`, `id_kelas`, `id_th_akademik`) VALUES
(277, '22595', 'k1', 'TH002'),
(278, '22596', 'k1', 'TH002'),
(279, '22597', 'k1', 'TH002'),
(280, '22598', 'k1', 'TH002'),
(281, '22599', 'k1', 'TH002'),
(282, '22600', 'k1', 'TH002'),
(283, '22601', 'k1', 'TH002'),
(284, '22602', 'k1', 'TH002'),
(285, '22603', 'k1', 'TH002'),
(286, '22604', 'k1', 'TH002'),
(287, '22605', 'k1', 'TH002'),
(288, '22606', 'k1', 'TH002'),
(289, '22607', 'k1', 'TH002'),
(290, '22608', 'k1', 'TH002'),
(291, '22609', 'k1', 'TH002'),
(292, '22610', 'k1', 'TH002'),
(293, '22611', 'k1', 'TH002'),
(294, '22612', 'k1', 'TH002'),
(295, '22613', 'k1', 'TH002'),
(296, '22614', 'k1', 'TH002'),
(297, '22615', 'k1', 'TH002'),
(298, '22616', 'k1', 'TH002'),
(299, '22617', 'k1', 'TH002'),
(300, '22618', 'k1', 'TH002'),
(301, '22619', 'k1', 'TH002'),
(302, '22620', 'k1', 'TH002'),
(303, '22621', 'k1', 'TH002'),
(304, '22622', 'k1', 'TH002'),
(305, '22623', 'k1', 'TH002'),
(306, '22624', 'k1', 'TH002'),
(307, '22625', 'k1', 'TH002'),
(308, '22626', 'k1', 'TH002'),
(309, '22627', 'k1', 'TH002'),
(310, '22628', 'k1', 'TH002'),
(311, '22629', 'k1', 'TH002'),
(312, '22527', 'k2', 'TH002'),
(313, '22528', 'k2', 'TH002'),
(314, '22529', 'k2', 'TH002'),
(315, '22530', 'k2', 'TH002'),
(316, '22531', 'k2', 'TH002'),
(317, '22532', 'k2', 'TH002'),
(318, '22533', 'k2', 'TH002'),
(319, '22534', 'k2', 'TH002'),
(320, '22535', 'k2', 'TH002'),
(321, '22536', 'k2', 'TH002'),
(322, '22537', 'k2', 'TH002'),
(323, '22538', 'k2', 'TH002'),
(324, '22539', 'k2', 'TH002'),
(325, '22540', 'k2', 'TH002'),
(326, '22541', 'k2', 'TH002'),
(327, '22542', 'k2', 'TH002'),
(328, '22543', 'k2', 'TH002'),
(329, '22544', 'k2', 'TH002'),
(330, '22545', 'k2', 'TH002'),
(331, '22546', 'k2', 'TH002'),
(332, '22547', 'k2', 'TH002'),
(333, '22548', 'k2', 'TH002'),
(334, '22549', 'k2', 'TH002'),
(335, '22550', 'k2', 'TH002'),
(336, '22551', 'k2', 'TH002'),
(337, '22552', 'k2', 'TH002'),
(338, '22553', 'k2', 'TH002'),
(339, '22554', 'k2', 'TH002'),
(340, '22555', 'k2', 'TH002'),
(341, '22556', 'k2', 'TH002'),
(342, '22557', 'k2', 'TH002'),
(343, '22558', 'k2', 'TH002'),
(344, '22559', 'k2', 'TH002'),
(345, '22560', 'k2', 'TH002');

-- --------------------------------------------------------

--
-- Struktur dari tabel `pembayaran`
--

CREATE TABLE `pembayaran` (
  `id_pembayaran` int(11) NOT NULL,
  `nis` varchar(10) DEFAULT NULL,
  `id_jn_tagihan` varchar(6) DEFAULT '0',
  `nominal_bayar` int(11) DEFAULT NULL,
  `tgl` date DEFAULT NULL,
  `ket` varchar(25) DEFAULT NULL
) ENGINE=InnoDB DEFAULT CHARSET=latin1 ROW_FORMAT=COMPACT;

-- --------------------------------------------------------

--
-- Struktur dari tabel `pengajuan_keringanan`
--

CREATE TABLE `pengajuan_keringanan` (
  `id_pengajuan` int(11) NOT NULL,
  `id_tagihan_siswa` int(11) DEFAULT NULL,
  `nominal_akhir` int(11) NOT NULL,
  `status_pengajuan` int(11) DEFAULT '0',
  `date` date NOT NULL
) ENGINE=InnoDB DEFAULT CHARSET=latin1;

--
-- Dumping data untuk tabel `pengajuan_keringanan`
--

INSERT INTO `pengajuan_keringanan` (`id_pengajuan`, `id_tagihan_siswa`, `nominal_akhir`, `status_pengajuan`, `date`) VALUES
(1, 38, 3, 1, '2018-06-27'),
(2, 40, 2, 1, '2018-06-28'),
(3, 43, 2, 0, '2018-06-28'),
(5, 40, 1, 0, '2018-06-28');

-- --------------------------------------------------------

--
-- Struktur dari tabel `saldo`
--

CREATE TABLE `saldo` (
  `id_saldo` varchar(10) NOT NULL,
  `nominal` int(12) NOT NULL
) ENGINE=InnoDB DEFAULT CHARSET=latin1;

--
-- Dumping data untuk tabel `saldo`
--

INSERT INTO `saldo` (`id_saldo`, `nominal`) VALUES
('S22527', 0),
('S22528', 0),
('S22529', 0),
('S22530', 0),
('S22531', 0),
('S22532', 0),
('S22533', 0),
('S22534', 0),
('S22535', 0),
('S22536', 0),
('S22537', 0),
('S22538', 0),
('S22539', 0),
('S22540', 0),
('S22541', 0),
('S22542', 0),
('S22543', 0),
('S22544', 0),
('S22545', 0),
('S22546', 0),
('S22547', 0),
('S22548', 0),
('S22549', 0),
('S22550', 0),
('S22551', 0),
('S22552', 0),
('S22553', 0),
('S22554', 0),
('S22555', 0),
('S22556', 0),
('S22557', 0),
('S22558', 0),
('S22559', 0),
('S22560', 0),
('S22595', 0),
('S22596', 0),
('S22597', 0),
('S22598', 0),
('S22599', 0),
('S22600', 0),
('S22601', 0),
('S22602', 0),
('S22603', 0),
('S22604', 0),
('S22605', 0),
('S22606', 0),
('S22607', 0),
('S22608', 0),
('S22609', 0),
('S22610', 0),
('S22611', 0),
('S22612', 0),
('S22613', 0),
('S22614', 0),
('S22615', 0),
('S22616', 0),
('S22617', 0),
('S22618', 0),
('S22619', 0),
('S22620', 0),
('S22621', 0),
('S22622', 0),
('S22623', 0),
('S22624', 0),
('S22625', 0),
('S22626', 0),
('S22627', 0),
('S22628', 0),
('S22629', 0);

-- --------------------------------------------------------

--
-- Struktur dari tabel `siswa`
--

CREATE TABLE `siswa` (
  `nis` varchar(10) NOT NULL,
  `id_virtual` varchar(15) DEFAULT NULL,
  `id_saldo` varchar(10) NOT NULL,
  `nama_siswa` varchar(50) DEFAULT NULL,
  `jk` varchar(10) DEFAULT NULL
) ENGINE=InnoDB DEFAULT CHARSET=latin1;

--
-- Dumping data untuk tabel `siswa`
--

INSERT INTO `siswa` (`nis`, `id_virtual`, `id_saldo`, `nama_siswa`, `jk`) VALUES
('22527', '70231225272017', 'S22527', 'ADENIA NADIRA TUZENITHA', 'P'),
('22528', '70231225282017', 'S22528', 'AFNIA MIFTAHUL FIRDAUS', 'P'),
('22529', '70231225292017', 'S22529', 'AINUNO RAVA', 'L'),
('22530', '70231225302017', 'S22530', 'AMANDA PURI NURIS SYA`BAN', 'P'),
('22531', '70231225312017', 'S22531', 'AMILA ZAHRANFAIRUZ HARYANTO', 'P'),
('22532', '70231225322017', 'S22532', 'ARGA SATYA NUGRAHA PUTRA', 'L'),
('22533', '70231225332017', 'S22533', 'ARI FAJARYANI', 'P'),
('22534', '70231225342017', 'S22534', 'ARINI RISKA TRI SURYANDARI', 'P'),
('22535', '70231225352017', 'S22535', 'ARRAYASI ATRIA DANESTI', 'P'),
('22536', '70231225362017', 'S22536', 'AZZAHRA CANTIK ARSENA PUTRI', 'P'),
('22537', '70231225372017', 'S22537', 'AZ-ZAHRA HANI AMARIA', 'P'),
('22538', '70231225382017', 'S22538', 'DAVINA MONICA ILYAS', 'P'),
('22539', '70231225392017', 'S22539', 'DEFA AN NUUR KUSUMAJAKTI', 'P'),
('22540', '70231225402017', 'S22540', 'DENAYA ASHARI RAFLIANA', 'P'),
('22541', '70231225412017', 'S22541', 'FENNY LARASATI', 'P'),
('22542', '70231225422017', 'S22542', 'FIESTA INKA PURWOKO', 'P'),
('22543', '70231225432017', 'S22543', 'GRADY BERLIANO ERRINTA PUTRA', 'L'),
('22544', '70231225442017', 'S22544', 'HANAN SHAFARRA', 'P'),
('22545', '70231225452017', 'S22545', 'INTAN LUTHFIONA AZZAHRA', 'P'),
('22546', '70231225462017', 'S22546', 'IRFAN MIFTAKHUL FIRDAUS', 'L'),
('22547', '70231225472017', 'S22547', 'KENES RATU PAWESTRI', 'P'),
('22548', '70231225482017', 'S22548', 'KEVINA AIDA FEBRIANA', 'P'),
('22549', '70231225492017', 'S22549', 'MALIK RIZKY IRAWAN', 'L'),
('22550', '70231225502017', 'S22550', 'MUHAMMAD IRFAN BAIHAQI', 'L'),
('22551', '70231225512017', 'S22551', 'MUHAMMAD IZZUL KAFI', 'L'),
('22552', '70231225522017', 'S22552', 'MUHAMMAD YUSUF DARUSMAN', 'L'),
('22553', '70231225532017', 'S22553', 'OCHA AURORA ARTAMAYLA RINJANI', 'P'),
('22554', '70231225542017', 'S22554', 'RADEN RORO ADELAURA BESTASYA DANITA', 'P'),
('22555', '70231225552017', 'S22555', 'RASTI AMELIA', 'P'),
('22556', '70231225562017', 'S22556', 'REGITA KUSUMANING PUTRI', 'P'),
('22557', '70231225572017', 'S22557', 'SALSABILA TASYA RAHMA', 'P'),
('22558', '70231225582017', 'S22558', 'SHAFA AZZALYA LARASATI', 'P'),
('22559', '70231225592017', 'S22559', 'SURYA WAHYUDI PUTRO', 'P'),
('22560', '70231225602017', 'S22560', 'TAUSI\'UL ARZAQA', 'P'),
('22595', '70231225952017', 'S22595', 'ALMA SANMOWA ROIDA', 'P'),
('22596', '70231225962017', 'S22596', 'ALMAS AL HAIDAR', 'L'),
('22597', '70231225972017', 'S22597', 'ANGGITO TRI AGASTYA', 'L'),
('22598', '70231225982017', 'S22598', 'ARTHUR MARC GUTOMO', 'L'),
('22599', '70231225992017', 'S22599', 'AZ-ZAHRA JASMINE HERU PUTRI', 'P'),
('22600', '70231226002017', 'S22600', 'BERNADETHA MUKTIARINI', 'P'),
('22601', '70231226012017', 'S22601', 'CHOFIFAH HADIYANTI PUTRI', 'P'),
('22602', '70231226022017', 'S22602', 'CHRISTOPHORUS ERNEST SAPUTRA', 'L'),
('22603', '70231226032017', 'S22603', 'DAVINA SHINTA FELISHA', 'P'),
('22604', '70231226042017', 'S22604', 'EKA NUR PUTRANTO', 'L'),
('22605', '70231226052017', 'S22605', 'FANNY FITRIA ROCHMAWATI', 'P'),
('22606', '70231226062017', 'S22606', 'FIDELIS ALDO WIDHI PANGESTU', 'L'),
('22607', '70231226072017', 'S22607', 'HANIF DZULFIQAR AMRULLAH', 'L'),
('22608', '70231226082017', 'S22608', 'LEONARDO FAJAR MARDIKA', 'L'),
('22609', '70231226092017', 'S22609', 'LUTHFIA CHOIRU NISA\'', 'P'),
('22610', '70231226102017', 'S22610', 'MUHAMMAD FAJRI NUR ALAMSYAH', 'L'),
('22611', '70231226112017', 'S22611', 'NADIYA ALIYAH ROSELYN', 'P'),
('22612', '70231226122017', 'S22612', 'NOVITA WIBOWO', 'P'),
('22613', '70231226132017', 'S22613', 'PATRIC CHRISNA YUANSHA PUTRA', 'L'),
('22614', '70231226142017', 'S22614', 'QUANTA AQUINAS SANGADJI', 'L'),
('22615', '70231226152017', 'S22615', 'QUINTANIA HANIFIAH BUCHASHERIE', 'P'),
('22616', '70231226162017', 'S22616', 'RAISYA ALIFAH LISTYAPUTRI', 'P'),
('22617', '70231226172017', 'S22617', 'RISWI ALINDA FATMAWATI', 'P'),
('22618', '70231226182017', 'S22618', 'ROSATI AFIFAH', 'P'),
('22619', '70231226192017', 'S22619', 'SALSABILA SAFA HANAN', 'P'),
('22620', '70231226202017', 'S22620', 'SAPHIRA PUALAM LANGIT BIRU', 'P'),
('22621', '70231226212017', 'S22621', 'SITI ALFIARI SABIHISMA PURNAMA', 'P'),
('22622', '70231226222017', 'S22622', 'VERENA ANINDHITA MAHARANI PUTRI', 'P'),
('22623', '70231226232017', 'S22623', 'VERNONIA NOVIANNA PUTRI', 'P'),
('22624', '70231226242017', 'S22624', 'VINCENTIUS MAURICH KIAN MULYA', 'L'),
('22625', '70231226252017', 'S22625', 'WAHID AMIR CHAIRUDIN', 'L'),
('22626', '70231226262017', 'S22626', 'WAHYU APRILIA PERTIWI', 'P'),
('22627', '70231226272017', 'S22627', 'YOHANA FRANCHISKA DESITA YUSTIKASARI', 'P'),
('22628', '70231226282017', 'S22628', 'YOSAFAT ROSARIO YOLANDI WIJAYA', 'L'),
('22629', '70231226292017', 'S22629', 'ZAHIRA SYIFA PRIMADITA', 'P');

-- --------------------------------------------------------

--
-- Struktur dari tabel `tagihan_bulanan`
--

CREATE TABLE `tagihan_bulanan` (
  `id_tagihan_bulanan` int(11) NOT NULL,
  `jn_tagihan` varchar(6) DEFAULT NULL,
  `kelas` varchar(10) DEFAULT NULL,
  `bulan` int(2) DEFAULT NULL,
  `nominal` int(11) DEFAULT NULL,
  `id_th_akademik` varchar(10) DEFAULT NULL
) ENGINE=InnoDB DEFAULT CHARSET=latin1;

--
-- Dumping data untuk tabel `tagihan_bulanan`
--

INSERT INTO `tagihan_bulanan` (`id_tagihan_bulanan`, `jn_tagihan`, `kelas`, `bulan`, `nominal`, `id_th_akademik`) VALUES
(13, '1', 'k1', 1, 200000, 'TH002'),
(14, '1', 'k1', 2, 200000, 'TH002'),
(15, '1', 'k1', 3, 200000, 'TH002'),
(16, '1', 'k1', 4, 200000, 'TH002'),
(17, '1', 'k1', 5, 200000, 'TH002'),
(18, '1', 'k1', 6, 200000, 'TH002'),
(19, '2', 'k3', 7, 300000, 'TH002'),
(20, '2', 'k3', 8, 300000, 'TH002'),
(21, '2', 'k3', 9, 300000, 'TH002'),
(22, '2', 'k3', 10, 300000, 'TH002'),
(23, '2', 'k3', 11, 300000, 'TH002'),
(24, '2', 'k3', 12, 300000, 'TH002'),
(25, '1', 'k2', 7, 200000, 'TH002'),
(26, '1', 'k2', 8, 200000, 'TH002'),
(27, '1', 'k2', 9, 200000, 'TH002'),
(28, '1', 'k2', 10, 200000, 'TH002'),
(29, '1', 'k2', 11, 200000, 'TH002'),
(30, '1', 'k2', 12, 200000, 'TH002'),
(31, '2', 'k1', 1, 121212, 'TH003'),
(32, '2', 'k1', 2, 121212, 'TH003'),
(33, '2', 'k1', 3, 121212, 'TH003'),
(34, '2', 'k1', 4, 121212, 'TH003'),
(35, '2', 'k1', 5, 121212, 'TH003'),
(36, '2', 'k1', 6, 121212, 'TH003'),
(37, '1', 'k1', 1, 123, 'TH003'),
(38, '1', 'k1', 2, 123, 'TH003'),
(39, '1', 'k1', 3, 123, 'TH003'),
(40, '1', 'k1', 4, 123, 'TH003'),
(41, '1', 'k1', 5, 123, 'TH003'),
(42, '2', 'k2', 1, 250000, 'TH002'),
(43, '2', 'k2', 2, 250000, 'TH002'),
(44, '2', 'k2', 3, 250000, 'TH002'),
(45, '2', 'k2', 4, 250000, 'TH002'),
(46, '2', 'k2', 5, 250000, 'TH002'),
(47, '2', 'k2', 6, 250000, 'TH002'),
(48, '1', 'k2', 1, 150000, 'TH002'),
(49, '1', 'k2', 2, 150000, 'TH002'),
(50, '1', 'k2', 3, 150000, 'TH002'),
(51, '1', 'k2', 4, 150000, 'TH002'),
(52, '1', 'k2', 5, 150000, 'TH002'),
(53, '1', 'k2', 6, 150000, 'TH002');

-- --------------------------------------------------------

--
-- Struktur dari tabel `tagihan_siswa_kls`
--

CREATE TABLE `tagihan_siswa_kls` (
  `id_tagihan_siswa_kelas` int(10) NOT NULL,
  `id_kelas_siswa` int(11) DEFAULT NULL,
  `id_tagihan_bulanan` int(11) DEFAULT NULL,
  `id_pembayaran` int(11) DEFAULT NULL,
  `bulan` int(2) NOT NULL,
  `nominal_tagihan` int(12) DEFAULT NULL,
  `status_bayar` varchar(6) DEFAULT NULL,
  `date` date NOT NULL
) ENGINE=InnoDB DEFAULT CHARSET=latin1 ROW_FORMAT=COMPACT;

--
-- Dumping data untuk tabel `tagihan_siswa_kls`
--

INSERT INTO `tagihan_siswa_kls` (`id_tagihan_siswa_kelas`, `id_kelas_siswa`, `id_tagihan_bulanan`, `id_pembayaran`, `bulan`, `nominal_tagihan`, `status_bayar`, `date`) VALUES
(1033, 277, 13, 0, 1, 200000, '0', '2018-07-01'),
(1034, 278, 13, 0, 1, 200000, '0', '2018-07-01'),
(1035, 279, 13, 0, 1, 200000, '0', '2018-07-01'),
(1036, 280, 13, 0, 1, 200000, '0', '2018-07-01'),
(1037, 281, 13, 0, 1, 200000, '0', '2018-07-01'),
(1038, 282, 13, 0, 1, 200000, '0', '2018-07-01'),
(1039, 283, 13, 0, 1, 200000, '0', '2018-07-01'),
(1040, 284, 13, 0, 1, 200000, '0', '2018-07-01'),
(1041, 285, 13, 0, 1, 200000, '0', '2018-07-01'),
(1042, 286, 13, 0, 1, 200000, '0', '2018-07-01'),
(1043, 287, 13, 0, 1, 200000, '0', '2018-07-01'),
(1044, 288, 13, 0, 1, 200000, '0', '2018-07-01'),
(1045, 289, 13, 0, 1, 200000, '0', '2018-07-01'),
(1046, 290, 13, 0, 1, 200000, '0', '2018-07-01'),
(1047, 291, 13, 0, 1, 200000, '0', '2018-07-01'),
(1048, 292, 13, 0, 1, 200000, '0', '2018-07-01'),
(1049, 293, 13, 0, 1, 200000, '0', '2018-07-01'),
(1050, 294, 13, 0, 1, 200000, '0', '2018-07-01'),
(1051, 295, 13, 0, 1, 200000, '0', '2018-07-01'),
(1052, 296, 13, 0, 1, 200000, '0', '2018-07-01'),
(1053, 297, 13, 0, 1, 200000, '0', '2018-07-01'),
(1054, 298, 13, 0, 1, 200000, '0', '2018-07-01'),
(1055, 299, 13, 0, 1, 200000, '0', '2018-07-01'),
(1056, 300, 13, 0, 1, 200000, '0', '2018-07-01'),
(1057, 301, 13, 0, 1, 200000, '0', '2018-07-01'),
(1058, 302, 13, 0, 1, 200000, '0', '2018-07-01'),
(1059, 303, 13, 0, 1, 200000, '0', '2018-07-01'),
(1060, 304, 13, 0, 1, 200000, '0', '2018-07-01'),
(1061, 305, 13, 0, 1, 200000, '0', '2018-07-01'),
(1062, 306, 13, 0, 1, 200000, '0', '2018-07-01'),
(1063, 307, 13, 0, 1, 200000, '0', '2018-07-01'),
(1064, 308, 13, 0, 1, 200000, '0', '2018-07-01'),
(1065, 309, 13, 0, 1, 200000, '0', '2018-07-01'),
(1066, 310, 13, 0, 1, 200000, '0', '2018-07-01'),
(1067, 311, 13, 0, 1, 200000, '0', '2018-07-01'),
(1068, 277, 14, 0, 2, 200000, '0', '2018-07-01'),
(1069, 278, 14, 0, 2, 200000, '0', '2018-07-01'),
(1070, 279, 14, 0, 2, 200000, '0', '2018-07-01'),
(1071, 280, 14, 0, 2, 200000, '0', '2018-07-01'),
(1072, 281, 14, 0, 2, 200000, '0', '2018-07-01'),
(1073, 282, 14, 0, 2, 200000, '0', '2018-07-01'),
(1074, 283, 14, 0, 2, 200000, '0', '2018-07-01'),
(1075, 284, 14, 0, 2, 200000, '0', '2018-07-01'),
(1076, 285, 14, 0, 2, 200000, '0', '2018-07-01'),
(1077, 286, 14, 0, 2, 200000, '0', '2018-07-01'),
(1078, 287, 14, 0, 2, 200000, '0', '2018-07-01'),
(1079, 288, 14, 0, 2, 200000, '0', '2018-07-01'),
(1080, 289, 14, 0, 2, 200000, '0', '2018-07-01'),
(1081, 290, 14, 0, 2, 200000, '0', '2018-07-01'),
(1082, 291, 14, 0, 2, 200000, '0', '2018-07-01'),
(1083, 292, 14, 0, 2, 200000, '0', '2018-07-01'),
(1084, 293, 14, 0, 2, 200000, '0', '2018-07-01'),
(1085, 294, 14, 0, 2, 200000, '0', '2018-07-01'),
(1086, 295, 14, 0, 2, 200000, '0', '2018-07-01'),
(1087, 296, 14, 0, 2, 200000, '0', '2018-07-01'),
(1088, 297, 14, 0, 2, 200000, '0', '2018-07-01'),
(1089, 298, 14, 0, 2, 200000, '0', '2018-07-01'),
(1090, 299, 14, 0, 2, 200000, '0', '2018-07-01'),
(1091, 300, 14, 0, 2, 200000, '0', '2018-07-01'),
(1092, 301, 14, 0, 2, 200000, '0', '2018-07-01'),
(1093, 302, 14, 0, 2, 200000, '0', '2018-07-01'),
(1094, 303, 14, 0, 2, 200000, '0', '2018-07-01'),
(1095, 304, 14, 0, 2, 200000, '0', '2018-07-01'),
(1096, 305, 14, 0, 2, 200000, '0', '2018-07-01'),
(1097, 306, 14, 0, 2, 200000, '0', '2018-07-01'),
(1098, 307, 14, 0, 2, 200000, '0', '2018-07-01'),
(1099, 308, 14, 0, 2, 200000, '0', '2018-07-01'),
(1100, 309, 14, 0, 2, 200000, '0', '2018-07-01'),
(1101, 310, 14, 0, 2, 200000, '0', '2018-07-01'),
(1102, 311, 14, 0, 2, 200000, '0', '2018-07-01'),
(1103, 277, 15, 0, 3, 200000, '0', '2018-07-01'),
(1104, 278, 15, 0, 3, 200000, '0', '2018-07-01'),
(1105, 279, 15, 0, 3, 200000, '0', '2018-07-01'),
(1106, 280, 15, 0, 3, 200000, '0', '2018-07-01'),
(1107, 281, 15, 0, 3, 200000, '0', '2018-07-01'),
(1108, 282, 15, 0, 3, 200000, '0', '2018-07-01'),
(1109, 283, 15, 0, 3, 200000, '0', '2018-07-01'),
(1110, 284, 15, 0, 3, 200000, '0', '2018-07-01'),
(1111, 285, 15, 0, 3, 200000, '0', '2018-07-01'),
(1112, 286, 15, 0, 3, 200000, '0', '2018-07-01'),
(1113, 287, 15, 0, 3, 200000, '0', '2018-07-01'),
(1114, 288, 15, 0, 3, 200000, '0', '2018-07-01'),
(1115, 289, 15, 0, 3, 200000, '0', '2018-07-01'),
(1116, 290, 15, 0, 3, 200000, '0', '2018-07-01'),
(1117, 291, 15, 0, 3, 200000, '0', '2018-07-01'),
(1118, 292, 15, 0, 3, 200000, '0', '2018-07-01'),
(1119, 293, 15, 0, 3, 200000, '0', '2018-07-01'),
(1120, 294, 15, 0, 3, 200000, '0', '2018-07-01'),
(1121, 295, 15, 0, 3, 200000, '0', '2018-07-01'),
(1122, 296, 15, 0, 3, 200000, '0', '2018-07-01'),
(1123, 297, 15, 0, 3, 200000, '0', '2018-07-01'),
(1124, 298, 15, 0, 3, 200000, '0', '2018-07-01'),
(1125, 299, 15, 0, 3, 200000, '0', '2018-07-01'),
(1126, 300, 15, 0, 3, 200000, '0', '2018-07-01'),
(1127, 301, 15, 0, 3, 200000, '0', '2018-07-01'),
(1128, 302, 15, 0, 3, 200000, '0', '2018-07-01'),
(1129, 303, 15, 0, 3, 200000, '0', '2018-07-01'),
(1130, 304, 15, 0, 3, 200000, '0', '2018-07-01'),
(1131, 305, 15, 0, 3, 200000, '0', '2018-07-01'),
(1132, 306, 15, 0, 3, 200000, '0', '2018-07-01'),
(1133, 307, 15, 0, 3, 200000, '0', '2018-07-01'),
(1134, 308, 15, 0, 3, 200000, '0', '2018-07-01'),
(1135, 309, 15, 0, 3, 200000, '0', '2018-07-01'),
(1136, 310, 15, 0, 3, 200000, '0', '2018-07-01'),
(1137, 311, 15, 0, 3, 200000, '0', '2018-07-01'),
(1138, 277, 16, 0, 4, 200000, '0', '2018-07-01'),
(1139, 278, 16, 0, 4, 200000, '0', '2018-07-01'),
(1140, 279, 16, 0, 4, 200000, '0', '2018-07-01'),
(1141, 280, 16, 0, 4, 200000, '0', '2018-07-01'),
(1142, 281, 16, 0, 4, 200000, '0', '2018-07-01'),
(1143, 282, 16, 0, 4, 200000, '0', '2018-07-01'),
(1144, 283, 16, 0, 4, 200000, '0', '2018-07-01'),
(1145, 284, 16, 0, 4, 200000, '0', '2018-07-01'),
(1146, 285, 16, 0, 4, 200000, '0', '2018-07-01'),
(1147, 286, 16, 0, 4, 200000, '0', '2018-07-01'),
(1148, 287, 16, 0, 4, 200000, '0', '2018-07-01'),
(1149, 288, 16, 0, 4, 200000, '0', '2018-07-01'),
(1150, 289, 16, 0, 4, 200000, '0', '2018-07-01'),
(1151, 290, 16, 0, 4, 200000, '0', '2018-07-01'),
(1152, 291, 16, 0, 4, 200000, '0', '2018-07-01'),
(1153, 292, 16, 0, 4, 200000, '0', '2018-07-01'),
(1154, 293, 16, 0, 4, 200000, '0', '2018-07-01'),
(1155, 294, 16, 0, 4, 200000, '0', '2018-07-01'),
(1156, 295, 16, 0, 4, 200000, '0', '2018-07-01'),
(1157, 296, 16, 0, 4, 200000, '0', '2018-07-01'),
(1158, 297, 16, 0, 4, 200000, '0', '2018-07-01'),
(1159, 298, 16, 0, 4, 200000, '0', '2018-07-01'),
(1160, 299, 16, 0, 4, 200000, '0', '2018-07-01'),
(1161, 300, 16, 0, 4, 200000, '0', '2018-07-01'),
(1162, 301, 16, 0, 4, 200000, '0', '2018-07-01'),
(1163, 302, 16, 0, 4, 200000, '0', '2018-07-01'),
(1164, 303, 16, 0, 4, 200000, '0', '2018-07-01'),
(1165, 304, 16, 0, 4, 200000, '0', '2018-07-01'),
(1166, 305, 16, 0, 4, 200000, '0', '2018-07-01'),
(1167, 306, 16, 0, 4, 200000, '0', '2018-07-01'),
(1168, 307, 16, 0, 4, 200000, '0', '2018-07-01'),
(1169, 308, 16, 0, 4, 200000, '0', '2018-07-01'),
(1170, 309, 16, 0, 4, 200000, '0', '2018-07-01'),
(1171, 310, 16, 0, 4, 200000, '0', '2018-07-01'),
(1172, 311, 16, 0, 4, 200000, '0', '2018-07-01'),
(1173, 277, 17, 0, 5, 200000, '0', '2018-07-01'),
(1174, 278, 17, 0, 5, 200000, '0', '2018-07-01'),
(1175, 279, 17, 0, 5, 200000, '0', '2018-07-01'),
(1176, 280, 17, 0, 5, 200000, '0', '2018-07-01'),
(1177, 281, 17, 0, 5, 200000, '0', '2018-07-01'),
(1178, 282, 17, 0, 5, 200000, '0', '2018-07-01'),
(1179, 283, 17, 0, 5, 200000, '0', '2018-07-01'),
(1180, 284, 17, 0, 5, 200000, '0', '2018-07-01'),
(1181, 285, 17, 0, 5, 200000, '0', '2018-07-01'),
(1182, 286, 17, 0, 5, 200000, '0', '2018-07-01'),
(1183, 287, 17, 0, 5, 200000, '0', '2018-07-01'),
(1184, 288, 17, 0, 5, 200000, '0', '2018-07-01'),
(1185, 289, 17, 0, 5, 200000, '0', '2018-07-01'),
(1186, 290, 17, 0, 5, 200000, '0', '2018-07-01'),
(1187, 291, 17, 0, 5, 200000, '0', '2018-07-01'),
(1188, 292, 17, 0, 5, 200000, '0', '2018-07-01'),
(1189, 293, 17, 0, 5, 200000, '0', '2018-07-01'),
(1190, 294, 17, 0, 5, 200000, '0', '2018-07-01'),
(1191, 295, 17, 0, 5, 200000, '0', '2018-07-01'),
(1192, 296, 17, 0, 5, 200000, '0', '2018-07-01'),
(1193, 297, 17, 0, 5, 200000, '0', '2018-07-01'),
(1194, 298, 17, 0, 5, 200000, '0', '2018-07-01'),
(1195, 299, 17, 0, 5, 200000, '0', '2018-07-01'),
(1196, 300, 17, 0, 5, 200000, '0', '2018-07-01'),
(1197, 301, 17, 0, 5, 200000, '0', '2018-07-01'),
(1198, 302, 17, 0, 5, 200000, '0', '2018-07-01'),
(1199, 303, 17, 0, 5, 200000, '0', '2018-07-01'),
(1200, 304, 17, 0, 5, 200000, '0', '2018-07-01'),
(1201, 305, 17, 0, 5, 200000, '0', '2018-07-01'),
(1202, 306, 17, 0, 5, 200000, '0', '2018-07-01'),
(1203, 307, 17, 0, 5, 200000, '0', '2018-07-01'),
(1204, 308, 17, 0, 5, 200000, '0', '2018-07-01'),
(1205, 309, 17, 0, 5, 200000, '0', '2018-07-01'),
(1206, 310, 17, 0, 5, 200000, '0', '2018-07-01'),
(1207, 311, 17, 0, 5, 200000, '0', '2018-07-01'),
(1208, 277, 18, 0, 6, 200000, '0', '2018-07-01'),
(1209, 278, 18, 0, 6, 200000, '0', '2018-07-01'),
(1210, 279, 18, 0, 6, 200000, '0', '2018-07-01'),
(1211, 280, 18, 0, 6, 200000, '0', '2018-07-01'),
(1212, 281, 18, 0, 6, 200000, '0', '2018-07-01'),
(1213, 282, 18, 0, 6, 200000, '0', '2018-07-01'),
(1214, 283, 18, 0, 6, 200000, '0', '2018-07-01'),
(1215, 284, 18, 0, 6, 200000, '0', '2018-07-01'),
(1216, 285, 18, 0, 6, 200000, '0', '2018-07-01'),
(1217, 286, 18, 0, 6, 200000, '0', '2018-07-01'),
(1218, 287, 18, 0, 6, 200000, '0', '2018-07-01'),
(1219, 288, 18, 0, 6, 200000, '0', '2018-07-01'),
(1220, 289, 18, 0, 6, 200000, '0', '2018-07-01'),
(1221, 290, 18, 0, 6, 200000, '0', '2018-07-01'),
(1222, 291, 18, 0, 6, 200000, '0', '2018-07-01'),
(1223, 292, 18, 0, 6, 200000, '0', '2018-07-01'),
(1224, 293, 18, 0, 6, 200000, '0', '2018-07-01'),
(1225, 294, 18, 0, 6, 200000, '0', '2018-07-01'),
(1226, 295, 18, 0, 6, 200000, '0', '2018-07-01'),
(1227, 296, 18, 0, 6, 200000, '0', '2018-07-01'),
(1228, 297, 18, 0, 6, 200000, '0', '2018-07-01'),
(1229, 298, 18, 0, 6, 200000, '0', '2018-07-01'),
(1230, 299, 18, 0, 6, 200000, '0', '2018-07-01'),
(1231, 300, 18, 0, 6, 200000, '0', '2018-07-01'),
(1232, 301, 18, 0, 6, 200000, '0', '2018-07-01'),
(1233, 302, 18, 0, 6, 200000, '0', '2018-07-01'),
(1234, 303, 18, 0, 6, 200000, '0', '2018-07-01'),
(1235, 304, 18, 0, 6, 200000, '0', '2018-07-01'),
(1236, 305, 18, 0, 6, 200000, '0', '2018-07-01'),
(1237, 306, 18, 0, 6, 200000, '0', '2018-07-01'),
(1238, 307, 18, 0, 6, 200000, '0', '2018-07-01'),
(1239, 308, 18, 0, 6, 200000, '0', '2018-07-01'),
(1240, 309, 18, 0, 6, 200000, '0', '2018-07-01'),
(1241, 310, 18, 0, 6, 200000, '0', '2018-07-01'),
(1242, 311, 18, 0, 6, 200000, '0', '2018-07-01'),
(1243, 312, 25, 0, 7, 200000, '0', '2018-07-01'),
(1244, 313, 25, 0, 7, 200000, '0', '2018-07-01'),
(1245, 314, 25, 0, 7, 200000, '0', '2018-07-01'),
(1246, 315, 25, 0, 7, 200000, '0', '2018-07-01'),
(1247, 316, 25, 0, 7, 200000, '0', '2018-07-01'),
(1248, 317, 25, 0, 7, 200000, '0', '2018-07-01'),
(1249, 318, 25, 0, 7, 200000, '0', '2018-07-01'),
(1250, 319, 25, 0, 7, 200000, '0', '2018-07-01'),
(1251, 320, 25, 0, 7, 200000, '0', '2018-07-01'),
(1252, 321, 25, 0, 7, 200000, '0', '2018-07-01'),
(1253, 322, 25, 0, 7, 200000, '0', '2018-07-01'),
(1254, 323, 25, 0, 7, 200000, '0', '2018-07-01'),
(1255, 324, 25, 0, 7, 200000, '0', '2018-07-01'),
(1256, 325, 25, 0, 7, 200000, '0', '2018-07-01'),
(1257, 326, 25, 0, 7, 200000, '0', '2018-07-01'),
(1258, 327, 25, 0, 7, 200000, '0', '2018-07-01'),
(1259, 328, 25, 0, 7, 200000, '0', '2018-07-01'),
(1260, 329, 25, 0, 7, 200000, '0', '2018-07-01'),
(1261, 330, 25, 0, 7, 200000, '0', '2018-07-01'),
(1262, 331, 25, 0, 7, 200000, '0', '2018-07-01'),
(1263, 332, 25, 0, 7, 200000, '0', '2018-07-01'),
(1264, 333, 25, 0, 7, 200000, '0', '2018-07-01'),
(1265, 334, 25, 0, 7, 200000, '0', '2018-07-01'),
(1266, 335, 25, 0, 7, 200000, '0', '2018-07-01'),
(1267, 336, 25, 0, 7, 200000, '0', '2018-07-01'),
(1268, 337, 25, 0, 7, 200000, '0', '2018-07-01'),
(1269, 338, 25, 0, 7, 200000, '0', '2018-07-01'),
(1270, 339, 25, 0, 7, 200000, '0', '2018-07-01'),
(1271, 340, 25, 0, 7, 200000, '0', '2018-07-01'),
(1272, 341, 25, 0, 7, 200000, '0', '2018-07-01'),
(1273, 342, 25, 0, 7, 200000, '0', '2018-07-01'),
(1274, 343, 25, 0, 7, 200000, '0', '2018-07-01'),
(1275, 344, 25, 0, 7, 200000, '0', '2018-07-01'),
(1276, 345, 25, 0, 7, 200000, '0', '2018-07-01'),
(1277, 312, 26, 0, 8, 200000, '0', '2018-07-01'),
(1278, 313, 26, 0, 8, 200000, '0', '2018-07-01'),
(1279, 314, 26, 0, 8, 200000, '0', '2018-07-01'),
(1280, 315, 26, 0, 8, 200000, '0', '2018-07-01'),
(1281, 316, 26, 0, 8, 200000, '0', '2018-07-01'),
(1282, 317, 26, 0, 8, 200000, '0', '2018-07-01'),
(1283, 318, 26, 0, 8, 200000, '0', '2018-07-01'),
(1284, 319, 26, 0, 8, 200000, '0', '2018-07-01'),
(1285, 320, 26, 0, 8, 200000, '0', '2018-07-01'),
(1286, 321, 26, 0, 8, 200000, '0', '2018-07-01'),
(1287, 322, 26, 0, 8, 200000, '0', '2018-07-01'),
(1288, 323, 26, 0, 8, 200000, '0', '2018-07-01'),
(1289, 324, 26, 0, 8, 200000, '0', '2018-07-01'),
(1290, 325, 26, 0, 8, 200000, '0', '2018-07-01'),
(1291, 326, 26, 0, 8, 200000, '0', '2018-07-01'),
(1292, 327, 26, 0, 8, 200000, '0', '2018-07-01'),
(1293, 328, 26, 0, 8, 200000, '0', '2018-07-01'),
(1294, 329, 26, 0, 8, 200000, '0', '2018-07-01'),
(1295, 330, 26, 0, 8, 200000, '0', '2018-07-01'),
(1296, 331, 26, 0, 8, 200000, '0', '2018-07-01'),
(1297, 332, 26, 0, 8, 200000, '0', '2018-07-01'),
(1298, 333, 26, 0, 8, 200000, '0', '2018-07-01'),
(1299, 334, 26, 0, 8, 200000, '0', '2018-07-01'),
(1300, 335, 26, 0, 8, 200000, '0', '2018-07-01'),
(1301, 336, 26, 0, 8, 200000, '0', '2018-07-01'),
(1302, 337, 26, 0, 8, 200000, '0', '2018-07-01'),
(1303, 338, 26, 0, 8, 200000, '0', '2018-07-01'),
(1304, 339, 26, 0, 8, 200000, '0', '2018-07-01'),
(1305, 340, 26, 0, 8, 200000, '0', '2018-07-01'),
(1306, 341, 26, 0, 8, 200000, '0', '2018-07-01'),
(1307, 342, 26, 0, 8, 200000, '0', '2018-07-01'),
(1308, 343, 26, 0, 8, 200000, '0', '2018-07-01'),
(1309, 344, 26, 0, 8, 200000, '0', '2018-07-01'),
(1310, 345, 26, 0, 8, 200000, '0', '2018-07-01'),
(1311, 312, 27, 0, 9, 200000, '0', '2018-07-01'),
(1312, 313, 27, 0, 9, 200000, '0', '2018-07-01'),
(1313, 314, 27, 0, 9, 200000, '0', '2018-07-01'),
(1314, 315, 27, 0, 9, 200000, '0', '2018-07-01'),
(1315, 316, 27, 0, 9, 200000, '0', '2018-07-01'),
(1316, 317, 27, 0, 9, 200000, '0', '2018-07-01'),
(1317, 318, 27, 0, 9, 200000, '0', '2018-07-01'),
(1318, 319, 27, 0, 9, 200000, '0', '2018-07-01'),
(1319, 320, 27, 0, 9, 200000, '0', '2018-07-01'),
(1320, 321, 27, 0, 9, 200000, '0', '2018-07-01'),
(1321, 322, 27, 0, 9, 200000, '0', '2018-07-01'),
(1322, 323, 27, 0, 9, 200000, '0', '2018-07-01'),
(1323, 324, 27, 0, 9, 200000, '0', '2018-07-01'),
(1324, 325, 27, 0, 9, 200000, '0', '2018-07-01'),
(1325, 326, 27, 0, 9, 200000, '0', '2018-07-01'),
(1326, 327, 27, 0, 9, 200000, '0', '2018-07-01'),
(1327, 328, 27, 0, 9, 200000, '0', '2018-07-01'),
(1328, 329, 27, 0, 9, 200000, '0', '2018-07-01'),
(1329, 330, 27, 0, 9, 200000, '0', '2018-07-01'),
(1330, 331, 27, 0, 9, 200000, '0', '2018-07-01'),
(1331, 332, 27, 0, 9, 200000, '0', '2018-07-01'),
(1332, 333, 27, 0, 9, 200000, '0', '2018-07-01'),
(1333, 334, 27, 0, 9, 200000, '0', '2018-07-01'),
(1334, 335, 27, 0, 9, 200000, '0', '2018-07-01'),
(1335, 336, 27, 0, 9, 200000, '0', '2018-07-01'),
(1336, 337, 27, 0, 9, 200000, '0', '2018-07-01'),
(1337, 338, 27, 0, 9, 200000, '0', '2018-07-01'),
(1338, 339, 27, 0, 9, 200000, '0', '2018-07-01'),
(1339, 340, 27, 0, 9, 200000, '0', '2018-07-01'),
(1340, 341, 27, 0, 9, 200000, '0', '2018-07-01'),
(1341, 342, 27, 0, 9, 200000, '0', '2018-07-01'),
(1342, 343, 27, 0, 9, 200000, '0', '2018-07-01'),
(1343, 344, 27, 0, 9, 200000, '0', '2018-07-01'),
(1344, 345, 27, 0, 9, 200000, '0', '2018-07-01'),
(1345, 312, 28, 0, 10, 200000, '0', '2018-07-01'),
(1346, 313, 28, 0, 10, 200000, '0', '2018-07-01'),
(1347, 314, 28, 0, 10, 200000, '0', '2018-07-01'),
(1348, 315, 28, 0, 10, 200000, '0', '2018-07-01'),
(1349, 316, 28, 0, 10, 200000, '0', '2018-07-01'),
(1350, 317, 28, 0, 10, 200000, '0', '2018-07-01'),
(1351, 318, 28, 0, 10, 200000, '0', '2018-07-01'),
(1352, 319, 28, 0, 10, 200000, '0', '2018-07-01'),
(1353, 320, 28, 0, 10, 200000, '0', '2018-07-01'),
(1354, 321, 28, 0, 10, 200000, '0', '2018-07-01'),
(1355, 322, 28, 0, 10, 200000, '0', '2018-07-01'),
(1356, 323, 28, 0, 10, 200000, '0', '2018-07-01'),
(1357, 324, 28, 0, 10, 200000, '0', '2018-07-01'),
(1358, 325, 28, 0, 10, 200000, '0', '2018-07-01'),
(1359, 326, 28, 0, 10, 200000, '0', '2018-07-01'),
(1360, 327, 28, 0, 10, 200000, '0', '2018-07-01'),
(1361, 328, 28, 0, 10, 200000, '0', '2018-07-01'),
(1362, 329, 28, 0, 10, 200000, '0', '2018-07-01'),
(1363, 330, 28, 0, 10, 200000, '0', '2018-07-01'),
(1364, 331, 28, 0, 10, 200000, '0', '2018-07-01'),
(1365, 332, 28, 0, 10, 200000, '0', '2018-07-01'),
(1366, 333, 28, 0, 10, 200000, '0', '2018-07-01'),
(1367, 334, 28, 0, 10, 200000, '0', '2018-07-01'),
(1368, 335, 28, 0, 10, 200000, '0', '2018-07-01'),
(1369, 336, 28, 0, 10, 200000, '0', '2018-07-01'),
(1370, 337, 28, 0, 10, 200000, '0', '2018-07-01'),
(1371, 338, 28, 0, 10, 200000, '0', '2018-07-01'),
(1372, 339, 28, 0, 10, 200000, '0', '2018-07-01'),
(1373, 340, 28, 0, 10, 200000, '0', '2018-07-01'),
(1374, 341, 28, 0, 10, 200000, '0', '2018-07-01'),
(1375, 342, 28, 0, 10, 200000, '0', '2018-07-01'),
(1376, 343, 28, 0, 10, 200000, '0', '2018-07-01'),
(1377, 344, 28, 0, 10, 200000, '0', '2018-07-01'),
(1378, 345, 28, 0, 10, 200000, '0', '2018-07-01'),
(1379, 312, 29, 0, 11, 200000, '0', '2018-07-01'),
(1380, 313, 29, 0, 11, 200000, '0', '2018-07-01'),
(1381, 314, 29, 0, 11, 200000, '0', '2018-07-01'),
(1382, 315, 29, 0, 11, 200000, '0', '2018-07-01'),
(1383, 316, 29, 0, 11, 200000, '0', '2018-07-01'),
(1384, 317, 29, 0, 11, 200000, '0', '2018-07-01'),
(1385, 318, 29, 0, 11, 200000, '0', '2018-07-01'),
(1386, 319, 29, 0, 11, 200000, '0', '2018-07-01'),
(1387, 320, 29, 0, 11, 200000, '0', '2018-07-01'),
(1388, 321, 29, 0, 11, 200000, '0', '2018-07-01'),
(1389, 322, 29, 0, 11, 200000, '0', '2018-07-01'),
(1390, 323, 29, 0, 11, 200000, '0', '2018-07-01'),
(1391, 324, 29, 0, 11, 200000, '0', '2018-07-01'),
(1392, 325, 29, 0, 11, 200000, '0', '2018-07-01'),
(1393, 326, 29, 0, 11, 200000, '0', '2018-07-01'),
(1394, 327, 29, 0, 11, 200000, '0', '2018-07-01'),
(1395, 328, 29, 0, 11, 200000, '0', '2018-07-01'),
(1396, 329, 29, 0, 11, 200000, '0', '2018-07-01'),
(1397, 330, 29, 0, 11, 200000, '0', '2018-07-01'),
(1398, 331, 29, 0, 11, 200000, '0', '2018-07-01'),
(1399, 332, 29, 0, 11, 200000, '0', '2018-07-01'),
(1400, 333, 29, 0, 11, 200000, '0', '2018-07-01'),
(1401, 334, 29, 0, 11, 200000, '0', '2018-07-01'),
(1402, 335, 29, 0, 11, 200000, '0', '2018-07-01'),
(1403, 336, 29, 0, 11, 200000, '0', '2018-07-01'),
(1404, 337, 29, 0, 11, 200000, '0', '2018-07-01'),
(1405, 338, 29, 0, 11, 200000, '0', '2018-07-01'),
(1406, 339, 29, 0, 11, 200000, '0', '2018-07-01'),
(1407, 340, 29, 0, 11, 200000, '0', '2018-07-01'),
(1408, 341, 29, 0, 11, 200000, '0', '2018-07-01'),
(1409, 342, 29, 0, 11, 200000, '0', '2018-07-01'),
(1410, 343, 29, 0, 11, 200000, '0', '2018-07-01'),
(1411, 344, 29, 0, 11, 200000, '0', '2018-07-01'),
(1412, 345, 29, 0, 11, 200000, '0', '2018-07-01'),
(1413, 312, 30, 0, 12, 200000, '0', '2018-07-01'),
(1414, 313, 30, 0, 12, 200000, '0', '2018-07-01'),
(1415, 314, 30, 0, 12, 200000, '0', '2018-07-01'),
(1416, 315, 30, 0, 12, 200000, '0', '2018-07-01'),
(1417, 316, 30, 0, 12, 200000, '0', '2018-07-01'),
(1418, 317, 30, 0, 12, 200000, '0', '2018-07-01'),
(1419, 318, 30, 0, 12, 200000, '0', '2018-07-01'),
(1420, 319, 30, 0, 12, 200000, '0', '2018-07-01'),
(1421, 320, 30, 0, 12, 200000, '0', '2018-07-01'),
(1422, 321, 30, 0, 12, 200000, '0', '2018-07-01'),
(1423, 322, 30, 0, 12, 200000, '0', '2018-07-01'),
(1424, 323, 30, 0, 12, 200000, '0', '2018-07-01'),
(1425, 324, 30, 0, 12, 200000, '0', '2018-07-01'),
(1426, 325, 30, 0, 12, 200000, '0', '2018-07-01'),
(1427, 326, 30, 0, 12, 200000, '0', '2018-07-01'),
(1428, 327, 30, 0, 12, 200000, '0', '2018-07-01'),
(1429, 328, 30, 0, 12, 200000, '0', '2018-07-01'),
(1430, 329, 30, 0, 12, 200000, '0', '2018-07-01'),
(1431, 330, 30, 0, 12, 200000, '0', '2018-07-01'),
(1432, 331, 30, 0, 12, 200000, '0', '2018-07-01'),
(1433, 332, 30, 0, 12, 200000, '0', '2018-07-01'),
(1434, 333, 30, 0, 12, 200000, '0', '2018-07-01'),
(1435, 334, 30, 0, 12, 200000, '0', '2018-07-01'),
(1436, 335, 30, 0, 12, 200000, '0', '2018-07-01'),
(1437, 336, 30, 0, 12, 200000, '0', '2018-07-01'),
(1438, 337, 30, 0, 12, 200000, '0', '2018-07-01'),
(1439, 338, 30, 0, 12, 200000, '0', '2018-07-01'),
(1440, 339, 30, 0, 12, 200000, '0', '2018-07-01'),
(1441, 340, 30, 0, 12, 200000, '0', '2018-07-01'),
(1442, 341, 30, 0, 12, 200000, '0', '2018-07-01'),
(1443, 342, 30, 0, 12, 200000, '0', '2018-07-01'),
(1444, 343, 30, 0, 12, 200000, '0', '2018-07-01'),
(1445, 344, 30, 0, 12, 200000, '0', '2018-07-01'),
(1446, 345, 30, 0, 12, 200000, '0', '2018-07-01'),
(1447, 312, 42, 0, 1, 250000, '0', '2018-07-01'),
(1448, 313, 42, 0, 1, 250000, '0', '2018-07-01'),
(1449, 314, 42, 0, 1, 250000, '0', '2018-07-01'),
(1450, 315, 42, 0, 1, 250000, '0', '2018-07-01'),
(1451, 316, 42, 0, 1, 250000, '0', '2018-07-01'),
(1452, 317, 42, 0, 1, 250000, '0', '2018-07-01'),
(1453, 318, 42, 0, 1, 250000, '0', '2018-07-01'),
(1454, 319, 42, 0, 1, 250000, '0', '2018-07-01'),
(1455, 320, 42, 0, 1, 250000, '0', '2018-07-01'),
(1456, 321, 42, 0, 1, 250000, '0', '2018-07-01'),
(1457, 322, 42, 0, 1, 250000, '0', '2018-07-01'),
(1458, 323, 42, 0, 1, 250000, '0', '2018-07-01'),
(1459, 324, 42, 0, 1, 250000, '0', '2018-07-01'),
(1460, 325, 42, 0, 1, 250000, '0', '2018-07-01'),
(1461, 326, 42, 0, 1, 250000, '0', '2018-07-01'),
(1462, 327, 42, 0, 1, 250000, '0', '2018-07-01'),
(1463, 328, 42, 0, 1, 250000, '0', '2018-07-01'),
(1464, 329, 42, 0, 1, 250000, '0', '2018-07-01'),
(1465, 330, 42, 0, 1, 250000, '0', '2018-07-01'),
(1466, 331, 42, 0, 1, 250000, '0', '2018-07-01'),
(1467, 332, 42, 0, 1, 250000, '0', '2018-07-01'),
(1468, 333, 42, 0, 1, 250000, '0', '2018-07-01'),
(1469, 334, 42, 0, 1, 250000, '0', '2018-07-01'),
(1470, 335, 42, 0, 1, 250000, '0', '2018-07-01'),
(1471, 336, 42, 0, 1, 250000, '0', '2018-07-01'),
(1472, 337, 42, 0, 1, 250000, '0', '2018-07-01'),
(1473, 338, 42, 0, 1, 250000, '0', '2018-07-01'),
(1474, 339, 42, 0, 1, 250000, '0', '2018-07-01'),
(1475, 340, 42, 0, 1, 250000, '0', '2018-07-01'),
(1476, 341, 42, 0, 1, 250000, '0', '2018-07-01'),
(1477, 342, 42, 0, 1, 250000, '0', '2018-07-01'),
(1478, 343, 42, 0, 1, 250000, '0', '2018-07-01'),
(1479, 344, 42, 0, 1, 250000, '0', '2018-07-01'),
(1480, 345, 42, 0, 1, 250000, '0', '2018-07-01'),
(1481, 312, 43, 0, 2, 250000, '0', '2018-07-01'),
(1482, 313, 43, 0, 2, 250000, '0', '2018-07-01'),
(1483, 314, 43, 0, 2, 250000, '0', '2018-07-01'),
(1484, 315, 43, 0, 2, 250000, '0', '2018-07-01'),
(1485, 316, 43, 0, 2, 250000, '0', '2018-07-01'),
(1486, 317, 43, 0, 2, 250000, '0', '2018-07-01'),
(1487, 318, 43, 0, 2, 250000, '0', '2018-07-01'),
(1488, 319, 43, 0, 2, 250000, '0', '2018-07-01'),
(1489, 320, 43, 0, 2, 250000, '0', '2018-07-01'),
(1490, 321, 43, 0, 2, 250000, '0', '2018-07-01'),
(1491, 322, 43, 0, 2, 250000, '0', '2018-07-01'),
(1492, 323, 43, 0, 2, 250000, '0', '2018-07-01'),
(1493, 324, 43, 0, 2, 250000, '0', '2018-07-01'),
(1494, 325, 43, 0, 2, 250000, '0', '2018-07-01'),
(1495, 326, 43, 0, 2, 250000, '0', '2018-07-01'),
(1496, 327, 43, 0, 2, 250000, '0', '2018-07-01'),
(1497, 328, 43, 0, 2, 250000, '0', '2018-07-01'),
(1498, 329, 43, 0, 2, 250000, '0', '2018-07-01'),
(1499, 330, 43, 0, 2, 250000, '0', '2018-07-01'),
(1500, 331, 43, 0, 2, 250000, '0', '2018-07-01'),
(1501, 332, 43, 0, 2, 250000, '0', '2018-07-01'),
(1502, 333, 43, 0, 2, 250000, '0', '2018-07-01'),
(1503, 334, 43, 0, 2, 250000, '0', '2018-07-01'),
(1504, 335, 43, 0, 2, 250000, '0', '2018-07-01'),
(1505, 336, 43, 0, 2, 250000, '0', '2018-07-01'),
(1506, 337, 43, 0, 2, 250000, '0', '2018-07-01'),
(1507, 338, 43, 0, 2, 250000, '0', '2018-07-01'),
(1508, 339, 43, 0, 2, 250000, '0', '2018-07-01'),
(1509, 340, 43, 0, 2, 250000, '0', '2018-07-01'),
(1510, 341, 43, 0, 2, 250000, '0', '2018-07-01'),
(1511, 342, 43, 0, 2, 250000, '0', '2018-07-01'),
(1512, 343, 43, 0, 2, 250000, '0', '2018-07-01'),
(1513, 344, 43, 0, 2, 250000, '0', '2018-07-01'),
(1514, 345, 43, 0, 2, 250000, '0', '2018-07-01'),
(1515, 312, 44, 0, 3, 250000, '0', '2018-07-01'),
(1516, 313, 44, 0, 3, 250000, '0', '2018-07-01'),
(1517, 314, 44, 0, 3, 250000, '0', '2018-07-01'),
(1518, 315, 44, 0, 3, 250000, '0', '2018-07-01'),
(1519, 316, 44, 0, 3, 250000, '0', '2018-07-01'),
(1520, 317, 44, 0, 3, 250000, '0', '2018-07-01'),
(1521, 318, 44, 0, 3, 250000, '0', '2018-07-01'),
(1522, 319, 44, 0, 3, 250000, '0', '2018-07-01'),
(1523, 320, 44, 0, 3, 250000, '0', '2018-07-01'),
(1524, 321, 44, 0, 3, 250000, '0', '2018-07-01'),
(1525, 322, 44, 0, 3, 250000, '0', '2018-07-01'),
(1526, 323, 44, 0, 3, 250000, '0', '2018-07-01'),
(1527, 324, 44, 0, 3, 250000, '0', '2018-07-01'),
(1528, 325, 44, 0, 3, 250000, '0', '2018-07-01'),
(1529, 326, 44, 0, 3, 250000, '0', '2018-07-01'),
(1530, 327, 44, 0, 3, 250000, '0', '2018-07-01'),
(1531, 328, 44, 0, 3, 250000, '0', '2018-07-01'),
(1532, 329, 44, 0, 3, 250000, '0', '2018-07-01'),
(1533, 330, 44, 0, 3, 250000, '0', '2018-07-01'),
(1534, 331, 44, 0, 3, 250000, '0', '2018-07-01'),
(1535, 332, 44, 0, 3, 250000, '0', '2018-07-01'),
(1536, 333, 44, 0, 3, 250000, '0', '2018-07-01'),
(1537, 334, 44, 0, 3, 250000, '0', '2018-07-01'),
(1538, 335, 44, 0, 3, 250000, '0', '2018-07-01'),
(1539, 336, 44, 0, 3, 250000, '0', '2018-07-01'),
(1540, 337, 44, 0, 3, 250000, '0', '2018-07-01'),
(1541, 338, 44, 0, 3, 250000, '0', '2018-07-01'),
(1542, 339, 44, 0, 3, 250000, '0', '2018-07-01'),
(1543, 340, 44, 0, 3, 250000, '0', '2018-07-01'),
(1544, 341, 44, 0, 3, 250000, '0', '2018-07-01'),
(1545, 342, 44, 0, 3, 250000, '0', '2018-07-01'),
(1546, 343, 44, 0, 3, 250000, '0', '2018-07-01'),
(1547, 344, 44, 0, 3, 250000, '0', '2018-07-01'),
(1548, 345, 44, 0, 3, 250000, '0', '2018-07-01'),
(1549, 312, 45, 0, 4, 250000, '0', '2018-07-01'),
(1550, 313, 45, 0, 4, 250000, '0', '2018-07-01'),
(1551, 314, 45, 0, 4, 250000, '0', '2018-07-01'),
(1552, 315, 45, 0, 4, 250000, '0', '2018-07-01'),
(1553, 316, 45, 0, 4, 250000, '0', '2018-07-01'),
(1554, 317, 45, 0, 4, 250000, '0', '2018-07-01'),
(1555, 318, 45, 0, 4, 250000, '0', '2018-07-01'),
(1556, 319, 45, 0, 4, 250000, '0', '2018-07-01'),
(1557, 320, 45, 0, 4, 250000, '0', '2018-07-01'),
(1558, 321, 45, 0, 4, 250000, '0', '2018-07-01'),
(1559, 322, 45, 0, 4, 250000, '0', '2018-07-01'),
(1560, 323, 45, 0, 4, 250000, '0', '2018-07-01'),
(1561, 324, 45, 0, 4, 250000, '0', '2018-07-01'),
(1562, 325, 45, 0, 4, 250000, '0', '2018-07-01'),
(1563, 326, 45, 0, 4, 250000, '0', '2018-07-01'),
(1564, 327, 45, 0, 4, 250000, '0', '2018-07-01'),
(1565, 328, 45, 0, 4, 250000, '0', '2018-07-01'),
(1566, 329, 45, 0, 4, 250000, '0', '2018-07-01'),
(1567, 330, 45, 0, 4, 250000, '0', '2018-07-01'),
(1568, 331, 45, 0, 4, 250000, '0', '2018-07-01'),
(1569, 332, 45, 0, 4, 250000, '0', '2018-07-01'),
(1570, 333, 45, 0, 4, 250000, '0', '2018-07-01'),
(1571, 334, 45, 0, 4, 250000, '0', '2018-07-01'),
(1572, 335, 45, 0, 4, 250000, '0', '2018-07-01'),
(1573, 336, 45, 0, 4, 250000, '0', '2018-07-01'),
(1574, 337, 45, 0, 4, 250000, '0', '2018-07-01'),
(1575, 338, 45, 0, 4, 250000, '0', '2018-07-01'),
(1576, 339, 45, 0, 4, 250000, '0', '2018-07-01'),
(1577, 340, 45, 0, 4, 250000, '0', '2018-07-01'),
(1578, 341, 45, 0, 4, 250000, '0', '2018-07-01'),
(1579, 342, 45, 0, 4, 250000, '0', '2018-07-01'),
(1580, 343, 45, 0, 4, 250000, '0', '2018-07-01'),
(1581, 344, 45, 0, 4, 250000, '0', '2018-07-01'),
(1582, 345, 45, 0, 4, 250000, '0', '2018-07-01'),
(1583, 312, 46, 0, 5, 250000, '0', '2018-07-01'),
(1584, 313, 46, 0, 5, 250000, '0', '2018-07-01'),
(1585, 314, 46, 0, 5, 250000, '0', '2018-07-01'),
(1586, 315, 46, 0, 5, 250000, '0', '2018-07-01'),
(1587, 316, 46, 0, 5, 250000, '0', '2018-07-01'),
(1588, 317, 46, 0, 5, 250000, '0', '2018-07-01'),
(1589, 318, 46, 0, 5, 250000, '0', '2018-07-01'),
(1590, 319, 46, 0, 5, 250000, '0', '2018-07-01'),
(1591, 320, 46, 0, 5, 250000, '0', '2018-07-01'),
(1592, 321, 46, 0, 5, 250000, '0', '2018-07-01'),
(1593, 322, 46, 0, 5, 250000, '0', '2018-07-01'),
(1594, 323, 46, 0, 5, 250000, '0', '2018-07-01'),
(1595, 324, 46, 0, 5, 250000, '0', '2018-07-01'),
(1596, 325, 46, 0, 5, 250000, '0', '2018-07-01'),
(1597, 326, 46, 0, 5, 250000, '0', '2018-07-01'),
(1598, 327, 46, 0, 5, 250000, '0', '2018-07-01'),
(1599, 328, 46, 0, 5, 250000, '0', '2018-07-01'),
(1600, 329, 46, 0, 5, 250000, '0', '2018-07-01'),
(1601, 330, 46, 0, 5, 250000, '0', '2018-07-01'),
(1602, 331, 46, 0, 5, 250000, '0', '2018-07-01'),
(1603, 332, 46, 0, 5, 250000, '0', '2018-07-01'),
(1604, 333, 46, 0, 5, 250000, '0', '2018-07-01'),
(1605, 334, 46, 0, 5, 250000, '0', '2018-07-01'),
(1606, 335, 46, 0, 5, 250000, '0', '2018-07-01'),
(1607, 336, 46, 0, 5, 250000, '0', '2018-07-01'),
(1608, 337, 46, 0, 5, 250000, '0', '2018-07-01'),
(1609, 338, 46, 0, 5, 250000, '0', '2018-07-01'),
(1610, 339, 46, 0, 5, 250000, '0', '2018-07-01'),
(1611, 340, 46, 0, 5, 250000, '0', '2018-07-01'),
(1612, 341, 46, 0, 5, 250000, '0', '2018-07-01'),
(1613, 342, 46, 0, 5, 250000, '0', '2018-07-01'),
(1614, 343, 46, 0, 5, 250000, '0', '2018-07-01'),
(1615, 344, 46, 0, 5, 250000, '0', '2018-07-01'),
(1616, 345, 46, 0, 5, 250000, '0', '2018-07-01'),
(1617, 312, 47, 0, 6, 250000, '0', '2018-07-01'),
(1618, 313, 47, 0, 6, 250000, '0', '2018-07-01'),
(1619, 314, 47, 0, 6, 250000, '0', '2018-07-01'),
(1620, 315, 47, 0, 6, 250000, '0', '2018-07-01'),
(1621, 316, 47, 0, 6, 250000, '0', '2018-07-01'),
(1622, 317, 47, 0, 6, 250000, '0', '2018-07-01'),
(1623, 318, 47, 0, 6, 250000, '0', '2018-07-01'),
(1624, 319, 47, 0, 6, 250000, '0', '2018-07-01'),
(1625, 320, 47, 0, 6, 250000, '0', '2018-07-01'),
(1626, 321, 47, 0, 6, 250000, '0', '2018-07-01'),
(1627, 322, 47, 0, 6, 250000, '0', '2018-07-01'),
(1628, 323, 47, 0, 6, 250000, '0', '2018-07-01'),
(1629, 324, 47, 0, 6, 250000, '0', '2018-07-01'),
(1630, 325, 47, 0, 6, 250000, '0', '2018-07-01'),
(1631, 326, 47, 0, 6, 250000, '0', '2018-07-01'),
(1632, 327, 47, 0, 6, 250000, '0', '2018-07-01'),
(1633, 328, 47, 0, 6, 250000, '0', '2018-07-01'),
(1634, 329, 47, 0, 6, 250000, '0', '2018-07-01'),
(1635, 330, 47, 0, 6, 250000, '0', '2018-07-01'),
(1636, 331, 47, 0, 6, 250000, '0', '2018-07-01'),
(1637, 332, 47, 0, 6, 250000, '0', '2018-07-01'),
(1638, 333, 47, 0, 6, 250000, '0', '2018-07-01'),
(1639, 334, 47, 0, 6, 250000, '0', '2018-07-01'),
(1640, 335, 47, 0, 6, 250000, '0', '2018-07-01'),
(1641, 336, 47, 0, 6, 250000, '0', '2018-07-01'),
(1642, 337, 47, 0, 6, 250000, '0', '2018-07-01'),
(1643, 338, 47, 0, 6, 250000, '0', '2018-07-01'),
(1644, 339, 47, 0, 6, 250000, '0', '2018-07-01'),
(1645, 340, 47, 0, 6, 250000, '0', '2018-07-01'),
(1646, 341, 47, 0, 6, 250000, '0', '2018-07-01'),
(1647, 342, 47, 0, 6, 250000, '0', '2018-07-01'),
(1648, 343, 47, 0, 6, 250000, '0', '2018-07-01'),
(1649, 344, 47, 0, 6, 250000, '0', '2018-07-01'),
(1650, 345, 47, 0, 6, 250000, '0', '2018-07-01'),
(1651, 312, 48, 0, 1, 150000, '0', '2018-07-01'),
(1652, 313, 48, 0, 1, 150000, '0', '2018-07-01'),
(1653, 314, 48, 0, 1, 150000, '0', '2018-07-01'),
(1654, 315, 48, 0, 1, 150000, '0', '2018-07-01'),
(1655, 316, 48, 0, 1, 150000, '0', '2018-07-01'),
(1656, 317, 48, 0, 1, 150000, '0', '2018-07-01'),
(1657, 318, 48, 0, 1, 150000, '0', '2018-07-01'),
(1658, 319, 48, 0, 1, 150000, '0', '2018-07-01'),
(1659, 320, 48, 0, 1, 150000, '0', '2018-07-01'),
(1660, 321, 48, 0, 1, 150000, '0', '2018-07-01'),
(1661, 322, 48, 0, 1, 150000, '0', '2018-07-01'),
(1662, 323, 48, 0, 1, 150000, '0', '2018-07-01'),
(1663, 324, 48, 0, 1, 150000, '0', '2018-07-01'),
(1664, 325, 48, 0, 1, 150000, '0', '2018-07-01'),
(1665, 326, 48, 0, 1, 150000, '0', '2018-07-01'),
(1666, 327, 48, 0, 1, 150000, '0', '2018-07-01'),
(1667, 328, 48, 0, 1, 150000, '0', '2018-07-01'),
(1668, 329, 48, 0, 1, 150000, '0', '2018-07-01'),
(1669, 330, 48, 0, 1, 150000, '0', '2018-07-01'),
(1670, 331, 48, 0, 1, 150000, '0', '2018-07-01'),
(1671, 332, 48, 0, 1, 150000, '0', '2018-07-01'),
(1672, 333, 48, 0, 1, 150000, '0', '2018-07-01'),
(1673, 334, 48, 0, 1, 150000, '0', '2018-07-01'),
(1674, 335, 48, 0, 1, 150000, '0', '2018-07-01'),
(1675, 336, 48, 0, 1, 150000, '0', '2018-07-01'),
(1676, 337, 48, 0, 1, 150000, '0', '2018-07-01'),
(1677, 338, 48, 0, 1, 150000, '0', '2018-07-01'),
(1678, 339, 48, 0, 1, 150000, '0', '2018-07-01'),
(1679, 340, 48, 0, 1, 150000, '0', '2018-07-01'),
(1680, 341, 48, 0, 1, 150000, '0', '2018-07-01'),
(1681, 342, 48, 0, 1, 150000, '0', '2018-07-01'),
(1682, 343, 48, 0, 1, 150000, '0', '2018-07-01'),
(1683, 344, 48, 0, 1, 150000, '0', '2018-07-01'),
(1684, 345, 48, 0, 1, 150000, '0', '2018-07-01'),
(1685, 312, 49, 0, 2, 150000, '0', '2018-07-01'),
(1686, 313, 49, 0, 2, 150000, '0', '2018-07-01'),
(1687, 314, 49, 0, 2, 150000, '0', '2018-07-01'),
(1688, 315, 49, 0, 2, 150000, '0', '2018-07-01'),
(1689, 316, 49, 0, 2, 150000, '0', '2018-07-01'),
(1690, 317, 49, 0, 2, 150000, '0', '2018-07-01'),
(1691, 318, 49, 0, 2, 150000, '0', '2018-07-01'),
(1692, 319, 49, 0, 2, 150000, '0', '2018-07-01'),
(1693, 320, 49, 0, 2, 150000, '0', '2018-07-01'),
(1694, 321, 49, 0, 2, 150000, '0', '2018-07-01'),
(1695, 322, 49, 0, 2, 150000, '0', '2018-07-01'),
(1696, 323, 49, 0, 2, 150000, '0', '2018-07-01'),
(1697, 324, 49, 0, 2, 150000, '0', '2018-07-01'),
(1698, 325, 49, 0, 2, 150000, '0', '2018-07-01'),
(1699, 326, 49, 0, 2, 150000, '0', '2018-07-01'),
(1700, 327, 49, 0, 2, 150000, '0', '2018-07-01'),
(1701, 328, 49, 0, 2, 150000, '0', '2018-07-01'),
(1702, 329, 49, 0, 2, 150000, '0', '2018-07-01'),
(1703, 330, 49, 0, 2, 150000, '0', '2018-07-01'),
(1704, 331, 49, 0, 2, 150000, '0', '2018-07-01'),
(1705, 332, 49, 0, 2, 150000, '0', '2018-07-01'),
(1706, 333, 49, 0, 2, 150000, '0', '2018-07-01'),
(1707, 334, 49, 0, 2, 150000, '0', '2018-07-01'),
(1708, 335, 49, 0, 2, 150000, '0', '2018-07-01'),
(1709, 336, 49, 0, 2, 150000, '0', '2018-07-01'),
(1710, 337, 49, 0, 2, 150000, '0', '2018-07-01'),
(1711, 338, 49, 0, 2, 150000, '0', '2018-07-01'),
(1712, 339, 49, 0, 2, 150000, '0', '2018-07-01'),
(1713, 340, 49, 0, 2, 150000, '0', '2018-07-01'),
(1714, 341, 49, 0, 2, 150000, '0', '2018-07-01'),
(1715, 342, 49, 0, 2, 150000, '0', '2018-07-01'),
(1716, 343, 49, 0, 2, 150000, '0', '2018-07-01'),
(1717, 344, 49, 0, 2, 150000, '0', '2018-07-01'),
(1718, 345, 49, 0, 2, 150000, '0', '2018-07-01'),
(1719, 312, 50, 0, 3, 150000, '0', '2018-07-01'),
(1720, 313, 50, 0, 3, 150000, '0', '2018-07-01'),
(1721, 314, 50, 0, 3, 150000, '0', '2018-07-01'),
(1722, 315, 50, 0, 3, 150000, '0', '2018-07-01'),
(1723, 316, 50, 0, 3, 150000, '0', '2018-07-01'),
(1724, 317, 50, 0, 3, 150000, '0', '2018-07-01'),
(1725, 318, 50, 0, 3, 150000, '0', '2018-07-01'),
(1726, 319, 50, 0, 3, 150000, '0', '2018-07-01'),
(1727, 320, 50, 0, 3, 150000, '0', '2018-07-01'),
(1728, 321, 50, 0, 3, 150000, '0', '2018-07-01'),
(1729, 322, 50, 0, 3, 150000, '0', '2018-07-01'),
(1730, 323, 50, 0, 3, 150000, '0', '2018-07-01'),
(1731, 324, 50, 0, 3, 150000, '0', '2018-07-01'),
(1732, 325, 50, 0, 3, 150000, '0', '2018-07-01'),
(1733, 326, 50, 0, 3, 150000, '0', '2018-07-01'),
(1734, 327, 50, 0, 3, 150000, '0', '2018-07-01'),
(1735, 328, 50, 0, 3, 150000, '0', '2018-07-01'),
(1736, 329, 50, 0, 3, 150000, '0', '2018-07-01'),
(1737, 330, 50, 0, 3, 150000, '0', '2018-07-01'),
(1738, 331, 50, 0, 3, 150000, '0', '2018-07-01'),
(1739, 332, 50, 0, 3, 150000, '0', '2018-07-01'),
(1740, 333, 50, 0, 3, 150000, '0', '2018-07-01'),
(1741, 334, 50, 0, 3, 150000, '0', '2018-07-01'),
(1742, 335, 50, 0, 3, 150000, '0', '2018-07-01'),
(1743, 336, 50, 0, 3, 150000, '0', '2018-07-01'),
(1744, 337, 50, 0, 3, 150000, '0', '2018-07-01'),
(1745, 338, 50, 0, 3, 150000, '0', '2018-07-01'),
(1746, 339, 50, 0, 3, 150000, '0', '2018-07-01'),
(1747, 340, 50, 0, 3, 150000, '0', '2018-07-01'),
(1748, 341, 50, 0, 3, 150000, '0', '2018-07-01'),
(1749, 342, 50, 0, 3, 150000, '0', '2018-07-01'),
(1750, 343, 50, 0, 3, 150000, '0', '2018-07-01'),
(1751, 344, 50, 0, 3, 150000, '0', '2018-07-01'),
(1752, 345, 50, 0, 3, 150000, '0', '2018-07-01'),
(1753, 312, 51, 0, 4, 150000, '0', '2018-07-01'),
(1754, 313, 51, 0, 4, 150000, '0', '2018-07-01'),
(1755, 314, 51, 0, 4, 150000, '0', '2018-07-01'),
(1756, 315, 51, 0, 4, 150000, '0', '2018-07-01'),
(1757, 316, 51, 0, 4, 150000, '0', '2018-07-01'),
(1758, 317, 51, 0, 4, 150000, '0', '2018-07-01'),
(1759, 318, 51, 0, 4, 150000, '0', '2018-07-01'),
(1760, 319, 51, 0, 4, 150000, '0', '2018-07-01'),
(1761, 320, 51, 0, 4, 150000, '0', '2018-07-01'),
(1762, 321, 51, 0, 4, 150000, '0', '2018-07-01'),
(1763, 322, 51, 0, 4, 150000, '0', '2018-07-01'),
(1764, 323, 51, 0, 4, 150000, '0', '2018-07-01'),
(1765, 324, 51, 0, 4, 150000, '0', '2018-07-01'),
(1766, 325, 51, 0, 4, 150000, '0', '2018-07-01'),
(1767, 326, 51, 0, 4, 150000, '0', '2018-07-01'),
(1768, 327, 51, 0, 4, 150000, '0', '2018-07-01'),
(1769, 328, 51, 0, 4, 150000, '0', '2018-07-01'),
(1770, 329, 51, 0, 4, 150000, '0', '2018-07-01'),
(1771, 330, 51, 0, 4, 150000, '0', '2018-07-01'),
(1772, 331, 51, 0, 4, 150000, '0', '2018-07-01'),
(1773, 332, 51, 0, 4, 150000, '0', '2018-07-01'),
(1774, 333, 51, 0, 4, 150000, '0', '2018-07-01'),
(1775, 334, 51, 0, 4, 150000, '0', '2018-07-01'),
(1776, 335, 51, 0, 4, 150000, '0', '2018-07-01'),
(1777, 336, 51, 0, 4, 150000, '0', '2018-07-01'),
(1778, 337, 51, 0, 4, 150000, '0', '2018-07-01'),
(1779, 338, 51, 0, 4, 150000, '0', '2018-07-01'),
(1780, 339, 51, 0, 4, 150000, '0', '2018-07-01'),
(1781, 340, 51, 0, 4, 150000, '0', '2018-07-01'),
(1782, 341, 51, 0, 4, 150000, '0', '2018-07-01'),
(1783, 342, 51, 0, 4, 150000, '0', '2018-07-01'),
(1784, 343, 51, 0, 4, 150000, '0', '2018-07-01'),
(1785, 344, 51, 0, 4, 150000, '0', '2018-07-01'),
(1786, 345, 51, 0, 4, 150000, '0', '2018-07-01'),
(1787, 312, 52, 0, 5, 150000, '0', '2018-07-01'),
(1788, 313, 52, 0, 5, 150000, '0', '2018-07-01'),
(1789, 314, 52, 0, 5, 150000, '0', '2018-07-01'),
(1790, 315, 52, 0, 5, 150000, '0', '2018-07-01'),
(1791, 316, 52, 0, 5, 150000, '0', '2018-07-01'),
(1792, 317, 52, 0, 5, 150000, '0', '2018-07-01'),
(1793, 318, 52, 0, 5, 150000, '0', '2018-07-01'),
(1794, 319, 52, 0, 5, 150000, '0', '2018-07-01'),
(1795, 320, 52, 0, 5, 150000, '0', '2018-07-01'),
(1796, 321, 52, 0, 5, 150000, '0', '2018-07-01'),
(1797, 322, 52, 0, 5, 150000, '0', '2018-07-01'),
(1798, 323, 52, 0, 5, 150000, '0', '2018-07-01'),
(1799, 324, 52, 0, 5, 150000, '0', '2018-07-01'),
(1800, 325, 52, 0, 5, 150000, '0', '2018-07-01'),
(1801, 326, 52, 0, 5, 150000, '0', '2018-07-01'),
(1802, 327, 52, 0, 5, 150000, '0', '2018-07-01'),
(1803, 328, 52, 0, 5, 150000, '0', '2018-07-01'),
(1804, 329, 52, 0, 5, 150000, '0', '2018-07-01'),
(1805, 330, 52, 0, 5, 150000, '0', '2018-07-01'),
(1806, 331, 52, 0, 5, 150000, '0', '2018-07-01'),
(1807, 332, 52, 0, 5, 150000, '0', '2018-07-01'),
(1808, 333, 52, 0, 5, 150000, '0', '2018-07-01'),
(1809, 334, 52, 0, 5, 150000, '0', '2018-07-01'),
(1810, 335, 52, 0, 5, 150000, '0', '2018-07-01'),
(1811, 336, 52, 0, 5, 150000, '0', '2018-07-01'),
(1812, 337, 52, 0, 5, 150000, '0', '2018-07-01'),
(1813, 338, 52, 0, 5, 150000, '0', '2018-07-01'),
(1814, 339, 52, 0, 5, 150000, '0', '2018-07-01'),
(1815, 340, 52, 0, 5, 150000, '0', '2018-07-01'),
(1816, 341, 52, 0, 5, 150000, '0', '2018-07-01'),
(1817, 342, 52, 0, 5, 150000, '0', '2018-07-01'),
(1818, 343, 52, 0, 5, 150000, '0', '2018-07-01'),
(1819, 344, 52, 0, 5, 150000, '0', '2018-07-01'),
(1820, 345, 52, 0, 5, 150000, '0', '2018-07-01'),
(1821, 312, 53, 0, 6, 150000, '0', '2018-07-01'),
(1822, 313, 53, 0, 6, 150000, '0', '2018-07-01'),
(1823, 314, 53, 0, 6, 150000, '0', '2018-07-01'),
(1824, 315, 53, 0, 6, 150000, '0', '2018-07-01'),
(1825, 316, 53, 0, 6, 150000, '0', '2018-07-01'),
(1826, 317, 53, 0, 6, 150000, '0', '2018-07-01'),
(1827, 318, 53, 0, 6, 150000, '0', '2018-07-01'),
(1828, 319, 53, 0, 6, 150000, '0', '2018-07-01'),
(1829, 320, 53, 0, 6, 150000, '0', '2018-07-01'),
(1830, 321, 53, 0, 6, 150000, '0', '2018-07-01'),
(1831, 322, 53, 0, 6, 150000, '0', '2018-07-01'),
(1832, 323, 53, 0, 6, 150000, '0', '2018-07-01'),
(1833, 324, 53, 0, 6, 150000, '0', '2018-07-01'),
(1834, 325, 53, 0, 6, 150000, '0', '2018-07-01'),
(1835, 326, 53, 0, 6, 150000, '0', '2018-07-01'),
(1836, 327, 53, 0, 6, 150000, '0', '2018-07-01'),
(1837, 328, 53, 0, 6, 150000, '0', '2018-07-01'),
(1838, 329, 53, 0, 6, 150000, '0', '2018-07-01'),
(1839, 330, 53, 0, 6, 150000, '0', '2018-07-01'),
(1840, 331, 53, 0, 6, 150000, '0', '2018-07-01'),
(1841, 332, 53, 0, 6, 150000, '0', '2018-07-01'),
(1842, 333, 53, 0, 6, 150000, '0', '2018-07-01'),
(1843, 334, 53, 0, 6, 150000, '0', '2018-07-01'),
(1844, 335, 53, 0, 6, 150000, '0', '2018-07-01'),
(1845, 336, 53, 0, 6, 150000, '0', '2018-07-01'),
(1846, 337, 53, 0, 6, 150000, '0', '2018-07-01'),
(1847, 338, 53, 0, 6, 150000, '0', '2018-07-01'),
(1848, 339, 53, 0, 6, 150000, '0', '2018-07-01'),
(1849, 340, 53, 0, 6, 150000, '0', '2018-07-01'),
(1850, 341, 53, 0, 6, 150000, '0', '2018-07-01'),
(1851, 342, 53, 0, 6, 150000, '0', '2018-07-01'),
(1852, 343, 53, 0, 6, 150000, '0', '2018-07-01'),
(1853, 344, 53, 0, 6, 150000, '0', '2018-07-01'),
(1854, 345, 53, 0, 6, 150000, '0', '2018-07-01');

-- --------------------------------------------------------

--
-- Struktur dari tabel `th_akademik`
--

CREATE TABLE `th_akademik` (
  `id_th_akademik` varchar(10) NOT NULL,
  `tahun` varchar(10) DEFAULT NULL,
  `semester` int(11) DEFAULT NULL,
  `status` varchar(10) DEFAULT NULL
) ENGINE=InnoDB DEFAULT CHARSET=latin1;

--
-- Dumping data untuk tabel `th_akademik`
--

INSERT INTO `th_akademik` (`id_th_akademik`, `tahun`, `semester`, `status`) VALUES
('TH001', '2017/2018', 1, '0'),
('TH002', '2017/2018', 2, '1'),
('TH003', '2018/2019', 1, '0'),
('TH004', '2018/2019', 2, '0'),
('TH005', '2019/2020', 1, '0');

-- --------------------------------------------------------

--
-- Struktur dari tabel `tmp`
--

CREATE TABLE `tmp` (
  `id` int(11) NOT NULL,
  `date` date NOT NULL,
  `time` time NOT NULL,
  `briva` varchar(255) NOT NULL,
  `jumlah` varchar(23) NOT NULL
) ENGINE=InnoDB DEFAULT CHARSET=latin1 ROW_FORMAT=COMPACT;

--
-- Dumping data untuk tabel `tmp`
--

INSERT INTO `tmp` (`id`, `date`, `time`, `briva`, `jumlah`) VALUES
(1, '2017-09-30', '19:28:24', '70231225272017', '200000'),
(2, '2017-09-30', '13:20:49', '70231225272017', '200000'),
(3, '2017-09-30', '10:23:02', '70231225272017', '200000'),
(4, '2017-09-29', '15:10:06', '70231225272017', '200000'),
(5, '2017-09-29', '13:27:46', '70231225272017', '200000'),
(6, '2017-09-29', '10:07:37', '70231225272017', '200000'),
(7, '2017-09-29', '08:19:58', '70231225282017', '200000'),
(8, '2017-09-29', '08:19:08', '70231225282017', '200000'),
(9, '2017-09-29', '08:17:49', '70231225282017', '200000'),
(10, '2017-09-29', '08:16:59', '70231225282017', '200000'),
(11, '2017-09-29', '08:15:28', '70231225282017', '200000'),
(12, '2017-09-29', '08:14:46', '70231225282017', '200000'),
(13, '2017-09-29', '08:14:02', '70231225292017', '200000'),
(14, '2017-09-29', '08:09:57', '70231225292017', '200000'),
(15, '2017-09-29', '08:09:13', '70231225292017', '200000'),
(16, '2017-09-29', '08:07:05', '70231225292017', '200000'),
(17, '2017-09-29', '08:06:12', '70231225292017', '200000'),
(18, '2017-09-29', '08:05:32', '70231225292017', '200000'),
(19, '2017-09-29', '08:04:52', '70231225302017', '200000'),
(20, '2017-09-29', '08:04:07', '70231225302017', '200000'),
(21, '2017-09-29', '08:03:32', '70231225302017', '200000'),
(22, '2017-09-29', '08:02:51', '70231225302017', '200000'),
(23, '2017-09-29', '08:02:07', '70231225302017', '200000'),
(24, '2017-09-29', '08:01:26', '70231225302017', '200000'),
(25, '2017-09-29', '08:00:31', '70231225312017', '200000'),
(26, '2017-09-29', '07:59:44', '70231225312017', '200000'),
(27, '2017-09-29', '07:59:01', '70231225312017', '200000'),
(28, '2017-09-29', '07:58:10', '70231225312017', '200000'),
(29, '2017-09-29', '07:57:12', '70231225312017', '200000'),
(30, '2017-09-29', '07:55:22', '70231225312017', '200000'),
(31, '2017-09-29', '07:54:33', '70231225322017', '200000'),
(32, '2017-09-29', '07:50:18', '70231225322017', '200000'),
(33, '2017-09-29', '06:43:14', '70231225322017', '200000'),
(34, '2017-09-28', '18:46:19', '70231225322017', '200000'),
(35, '2017-09-27', '16:31:19', '70231225322017', '200000'),
(36, '2017-09-27', '16:30:22', '70231225322017', '200000'),
(37, '2017-09-27', '16:29:35', '70231225332017', '200000'),
(38, '2017-09-27', '16:28:43', '70231225332017', '200000'),
(39, '2017-09-27', '16:27:47', '70231225332017', '200000'),
(40, '2017-09-27', '16:26:56', '70231225332017', '200000'),
(41, '2017-09-27', '16:26:17', '70231225332017', '200000'),
(42, '2017-09-27', '16:25:30', '70231225332017', '200000'),
(43, '2017-09-27', '16:24:42', '70231225342017', '200000'),
(44, '2017-09-27', '16:23:58', '70231225342017', '200000'),
(45, '2017-09-27', '16:20:56', '70231225342017', '200000'),
(46, '2017-09-27', '16:20:01', '70231225342017', '200000'),
(47, '2017-09-27', '16:19:14', '70231225342017', '200000'),
(48, '2017-09-27', '16:17:53', '70231225342017', '200000'),
(49, '2017-09-27', '16:16:03', '70231225352017', '200000'),
(50, '2017-09-27', '16:13:50', '70231225352017', '200000'),
(51, '2017-09-27', '16:12:31', '70231225352017', '200000'),
(52, '2017-09-27', '16:11:41', '70231225352017', '200000'),
(53, '2017-09-27', '16:10:51', '70231225352017', '200000'),
(54, '2017-09-27', '16:10:10', '70231225352017', '200000'),
(55, '2017-09-27', '16:09:23', '70231225362017', '200000'),
(56, '2017-09-27', '16:08:20', '70231225362017', '200000'),
(57, '2017-09-27', '16:07:35', '70231225362017', '200000'),
(58, '2017-09-27', '16:06:24', '70231225362017', '200000'),
(59, '2017-09-27', '16:05:35', '70231225362017', '200000'),
(60, '2017-09-27', '16:04:35', '70231225362017', '200000'),
(61, '2017-09-27', '16:03:44', '70231225372017', '200000'),
(62, '2017-09-27', '16:02:46', '70231225372017', '200000'),
(63, '2017-09-27', '16:01:59', '70231225372017', '200000'),
(64, '2017-09-27', '16:01:14', '70231225372017', '200000'),
(65, '2017-09-27', '16:00:15', '70231225372017', '200000'),
(66, '2017-09-27', '15:59:05', '70231225372017', '200000'),
(67, '2017-09-27', '13:32:45', '70231225382017', '200000'),
(68, '2017-09-27', '13:31:41', '70231225382017', '200000'),
(69, '2017-09-27', '13:30:54', '70231225382017', '200000'),
(70, '2017-09-27', '13:30:07', '70231225382017', '200000'),
(71, '2017-09-27', '13:29:32', '70231225382017', '200000'),
(72, '2017-09-27', '13:28:42', '70231225382017', '200000'),
(73, '2017-09-27', '13:28:06', '70231225392017', '200000'),
(74, '2017-09-27', '13:21:13', '70231225392017', '200000'),
(75, '2017-09-27', '13:20:13', '70231225392017', '200000'),
(76, '2017-09-27', '13:19:26', '70231225392017', '200000'),
(77, '2017-09-27', '13:18:32', '70231225392017', '200000'),
(78, '2017-09-27', '13:17:37', '70231225392017', '200000'),
(79, '2017-09-27', '13:15:49', '70231225402017', '200000'),
(80, '2017-09-27', '13:14:47', '70231225402017', '200000'),
(81, '2017-09-27', '12:59:00', '70231225402017', '200000'),
(82, '2017-09-27', '12:09:13', '70231225402017', '200000'),
(83, '2017-09-27', '12:08:15', '70231225402017', '200000'),
(84, '2017-09-27', '12:07:44', '70231225402017', '200000'),
(85, '2017-09-27', '12:07:17', '70231225412017', '200000'),
(86, '2017-09-27', '12:06:32', '70231225412017', '200000'),
(87, '2017-09-27', '12:05:33', '70231225412017', '200000'),
(88, '2017-09-27', '11:59:43', '70231225412017', '200000'),
(89, '2017-09-27', '11:59:00', '70231225412017', '200000'),
(90, '2017-09-27', '11:58:31', '70231225412017', '200000'),
(91, '2017-09-27', '11:57:43', '70231225422017', '200000'),
(92, '2017-09-27', '11:56:52', '70231225422017', '200000'),
(93, '2017-09-27', '11:56:18', '70231225422017', '200000'),
(94, '2017-09-27', '11:55:51', '70231225422017', '200000'),
(95, '2017-09-27', '11:51:03', '70231225422017', '200000'),
(96, '2017-09-27', '11:25:55', '70231225422017', '200000'),
(97, '2017-09-27', '11:18:32', '70231225432017', '200000'),
(98, '2017-09-27', '11:18:19', '70231225432017', '200000'),
(99, '2017-09-27', '11:16:33', '70231225432017', '200000'),
(100, '2017-09-27', '11:13:17', '70231225432017', '200000'),
(101, '2017-09-27', '11:09:52', '70231225432017', '200000'),
(102, '2017-09-27', '10:58:54', '70231225432017', '200000'),
(103, '2017-09-27', '09:50:48', '70231225442017', '200000'),
(104, '2017-09-27', '09:29:44', '70231225442017', '200000'),
(105, '2017-09-26', '17:18:51', '70231225442017', '200000'),
(106, '2017-09-26', '16:12:04', '70231225442017', '200000'),
(107, '2017-09-26', '16:11:14', '70231225442017', '200000'),
(108, '2017-09-26', '16:09:51', '70231225442017', '200000'),
(109, '2017-09-26', '16:09:08', '70231225452017', '200000'),
(110, '2017-09-26', '16:08:15', '70231225452017', '200000'),
(111, '2017-09-26', '16:07:30', '70231225452017', '200000'),
(112, '2017-09-26', '16:06:37', '70231225452017', '200000'),
(113, '2017-09-26', '16:05:50', '70231225452017', '200000'),
(114, '2017-09-26', '16:04:32', '70231225452017', '200000'),
(115, '2017-09-26', '16:03:40', '70231225462017', '200000'),
(116, '2017-09-26', '16:02:31', '70231225462017', '200000'),
(117, '2017-09-26', '16:01:17', '70231225462017', '200000'),
(118, '2017-09-26', '15:56:55', '70231225462017', '200000'),
(119, '2017-09-26', '15:55:57', '70231225462017', '200000'),
(120, '2017-09-26', '15:55:13', '70231225462017', '200000'),
(121, '2017-09-26', '15:54:07', '70231225472017', '200000'),
(122, '2017-09-26', '15:53:10', '70231225472017', '200000'),
(123, '2017-09-26', '15:52:11', '70231225472017', '200000'),
(124, '2017-09-26', '15:51:05', '70231225472017', '200000'),
(125, '2017-09-26', '15:48:55', '70231225472017', '200000'),
(126, '2017-09-26', '15:47:43', '70231225472017', '200000'),
(127, '2017-09-26', '15:47:02', '70231225482017', '200000'),
(128, '2017-09-26', '15:46:10', '70231225482017', '200000'),
(129, '2017-09-26', '15:45:13', '70231225482017', '200000'),
(130, '2017-09-26', '15:44:01', '70231225482017', '200000'),
(131, '2017-09-26', '12:41:58', '70231225482017', '200000'),
(132, '2017-09-26', '11:14:48', '70231225482017', '200000'),
(133, '2017-09-26', '10:49:37', '70231225492017', '200000'),
(134, '2017-09-26', '09:54:26', '70231225492017', '200000'),
(135, '2017-09-26', '09:53:20', '70231225492017', '200000'),
(136, '2017-09-26', '08:43:53', '70231225492017', '200000'),
(137, '2017-09-25', '23:59:59', '70231225492017', '200000'),
(138, '2017-09-25', '23:59:59', '70231225492017', '200000'),
(139, '2017-09-25', '18:33:48', '70231225502017', '200000'),
(140, '2017-09-25', '17:55:11', '70231225502017', '200000'),
(141, '2017-09-25', '17:06:00', '70231225502017', '200000'),
(142, '2017-09-25', '17:04:17', '70231225502017', '200000'),
(143, '2017-09-25', '17:01:15', '70231225502017', '200000'),
(144, '2017-09-25', '16:57:54', '70231225502017', '200000'),
(145, '2017-09-25', '16:56:16', '70231225512017', '200000'),
(146, '2017-09-25', '16:50:31', '70231225512017', '200000'),
(147, '2017-09-25', '16:48:54', '70231225512017', '200000'),
(148, '2017-09-25', '16:47:13', '70231225512017', '200000'),
(149, '2017-09-25', '16:45:52', '70231225512017', '200000'),
(150, '2017-09-25', '16:44:47', '70231225512017', '200000'),
(151, '2017-09-25', '16:41:48', '70231225522017', '200000'),
(152, '2017-09-25', '16:38:36', '70231225522017', '200000'),
(153, '2017-09-25', '16:36:59', '70231225522017', '200000'),
(154, '2017-09-25', '16:35:27', '70231225522017', '200000'),
(155, '2017-09-25', '16:34:23', '70231225522017', '200000'),
(156, '2017-09-25', '16:32:08', '70231225522017', '200000'),
(157, '2017-09-25', '16:29:41', '70231225532017', '200000'),
(158, '2017-09-25', '16:27:20', '70231225532017', '200000'),
(159, '2017-09-25', '16:26:03', '70231225532017', '200000'),
(160, '2017-09-25', '16:24:40', '70231225532017', '200000'),
(161, '2017-09-25', '16:23:44', '70231225532017', '200000'),
(162, '2017-09-25', '16:22:50', '70231225532017', '200000'),
(163, '2017-09-25', '16:21:24', '70231225542017', '200000'),
(164, '2017-09-25', '16:20:28', '70231225542017', '200000'),
(165, '2017-09-25', '16:19:36', '70231225542017', '200000'),
(166, '2017-09-25', '16:18:36', '70231225542017', '200000'),
(167, '2017-09-25', '16:17:41', '70231225542017', '200000'),
(168, '2017-09-25', '16:16:24', '70231225542017', '200000'),
(169, '2017-09-25', '16:15:22', '70231225552017', '200000'),
(170, '2017-09-25', '16:14:37', '70231225552017', '200000'),
(171, '2017-09-25', '16:13:48', '70231225552017', '200000'),
(172, '2017-09-25', '16:12:44', '70231225552017', '200000'),
(173, '2017-09-25', '16:11:52', '70231225552017', '200000'),
(174, '2017-09-25', '16:10:44', '70231225552017', '200000'),
(175, '2017-09-25', '16:09:46', '70231225562017', '200000'),
(176, '2017-09-25', '16:08:40', '70231225562017', '200000'),
(177, '2017-09-25', '16:07:40', '70231225562017', '200000'),
(178, '2017-09-25', '16:06:00', '70231225562017', '200000'),
(179, '2017-09-25', '16:02:21', '70231225562017', '200000'),
(180, '2017-09-25', '15:30:13', '70231225562017', '200000'),
(181, '2017-09-25', '15:29:11', '70231225572017', '200000'),
(182, '2017-09-25', '15:28:15', '70231225572017', '200000'),
(183, '2017-09-25', '15:27:29', '70231225572017', '200000'),
(184, '2017-09-25', '15:26:35', '70231225572017', '200000'),
(185, '2017-09-25', '15:25:41', '70231225572017', '200000'),
(186, '2017-09-25', '15:25:05', '70231225572017', '200000'),
(187, '2017-09-25', '15:23:00', '70231225582017', '200000'),
(188, '2017-09-25', '15:21:11', '70231225582017', '200000'),
(189, '2017-09-25', '15:20:26', '70231225582017', '200000'),
(190, '2017-09-25', '15:19:52', '70231225582017', '200000'),
(191, '2017-09-25', '15:17:37', '70231225582017', '200000'),
(192, '2017-09-25', '15:16:17', '70231225582017', '200000'),
(193, '2017-09-25', '15:15:51', '70231225592017', '200000'),
(194, '2017-09-25', '15:13:03', '70231225592017', '200000'),
(195, '2017-09-25', '15:12:19', '70231225592017', '200000'),
(196, '2017-09-25', '15:11:52', '70231225592017', '200000'),
(197, '2017-09-25', '14:45:30', '70231225592017', '200000'),
(198, '2017-09-25', '14:38:17', '70231225592017', '200000'),
(199, '2017-09-25', '14:34:02', '70231225602017', '200000'),
(200, '2017-09-25', '14:25:24', '70231225602017', '200000'),
(201, '2017-09-25', '14:06:07', '70231225602017', '200000'),
(202, '2017-09-25', '14:03:28', '70231225602017', '200000'),
(203, '2017-09-25', '14:00:19', '70231225602017', '200000'),
(204, '2017-09-25', '13:51:09', '70231225602017', '200000');

-- --------------------------------------------------------

--
-- Struktur dari tabel `user`
--

CREATE TABLE `user` (
  `id_admin` varchar(10) NOT NULL,
  `nama_admin` varchar(30) NOT NULL,
  `jabatan` varchar(15) NOT NULL,
  `username` varchar(15) NOT NULL,
  `password` varchar(15) NOT NULL,
  `image` text NOT NULL
) ENGINE=InnoDB DEFAULT CHARSET=latin1;

--
-- Dumping data untuk tabel `user`
--

INSERT INTO `user` (`id_admin`, `nama_admin`, `jabatan`, `username`, `password`, `image`) VALUES
('1', 'Suyati', 'admin TU', 'admin', 'admin', ''),
('2', 'Programmer', 'SH03', 'programmer', 'a425352a84b14c7', ''),
('3', 'Marketing', 'SH05', 'marketing', 'c769c2bd15500dd', ''),
('5', 'IT Support', 'SH04', 'it_support', 'a98ff86c7836c59', ''),
('6', 'PKL', 'SH06', 'pkl', 'b6283f59a5423e5', ''),
('7', 'Manager', 'SH02', 'manager', '1d0258c2440a8d1', ''),
('Script_Hou', 'Script House', 'SH', 'scripthouse', '4df98549f0d2c46', '');

--
-- Indexes for dumped tables
--

--
-- Indexes for table `jn_tagihan`
--
ALTER TABLE `jn_tagihan`
  ADD PRIMARY KEY (`id_jn_tagihan`);

--
-- Indexes for table `kelas`
--
ALTER TABLE `kelas`
  ADD PRIMARY KEY (`id_kelas`);

--
-- Indexes for table `kelas_siswa`
--
ALTER TABLE `kelas_siswa`
  ADD PRIMARY KEY (`id_kelas_siswa`),
  ADD KEY `FK_kelas_siswa_kelas_id_kelas` (`id_kelas`),
  ADD KEY `FK_kelas_siswa_th_akademik_id_th_akademik` (`id_th_akademik`),
  ADD KEY `FK_kelas_siswa_siswa_nis` (`nis`);

--
-- Indexes for table `pembayaran`
--
ALTER TABLE `pembayaran`
  ADD PRIMARY KEY (`id_pembayaran`),
  ADD KEY `FK_pembayaran_siswa_nis` (`nis`),
  ADD KEY `FK_pembayaran_jn_tagihan_id_jn_tagihan` (`id_jn_tagihan`);

--
-- Indexes for table `pengajuan_keringanan`
--
ALTER TABLE `pengajuan_keringanan`
  ADD PRIMARY KEY (`id_pengajuan`);

--
-- Indexes for table `saldo`
--
ALTER TABLE `saldo`
  ADD PRIMARY KEY (`id_saldo`);

--
-- Indexes for table `siswa`
--
ALTER TABLE `siswa`
  ADD PRIMARY KEY (`nis`),
  ADD KEY `id_saldo` (`id_saldo`);

--
-- Indexes for table `tagihan_bulanan`
--
ALTER TABLE `tagihan_bulanan`
  ADD PRIMARY KEY (`id_tagihan_bulanan`),
  ADD KEY `FK_tagihan_bulanan_jn_tagihan_id_jn_tagihan` (`jn_tagihan`),
  ADD KEY `id_th_akademik` (`id_th_akademik`),
  ADD KEY `kelas` (`kelas`);

--
-- Indexes for table `tagihan_siswa_kls`
--
ALTER TABLE `tagihan_siswa_kls`
  ADD PRIMARY KEY (`id_tagihan_siswa_kelas`),
  ADD KEY `FK_det_tagihan_kelas_siswa_id_kelas_siswa` (`id_kelas_siswa`),
  ADD KEY `id_tagihan_bulanan` (`id_tagihan_bulanan`);

--
-- Indexes for table `th_akademik`
--
ALTER TABLE `th_akademik`
  ADD PRIMARY KEY (`id_th_akademik`);

--
-- Indexes for table `tmp`
--
ALTER TABLE `tmp`
  ADD PRIMARY KEY (`id`);

--
-- Indexes for table `user`
--
ALTER TABLE `user`
  ADD PRIMARY KEY (`id_admin`),
  ADD UNIQUE KEY `username` (`username`);

--
-- AUTO_INCREMENT for dumped tables
--

--
-- AUTO_INCREMENT for table `kelas_siswa`
--
ALTER TABLE `kelas_siswa`
  MODIFY `id_kelas_siswa` int(11) NOT NULL AUTO_INCREMENT, AUTO_INCREMENT=346;
--
-- AUTO_INCREMENT for table `pembayaran`
--
ALTER TABLE `pembayaran`
  MODIFY `id_pembayaran` int(11) NOT NULL AUTO_INCREMENT;
--
-- AUTO_INCREMENT for table `pengajuan_keringanan`
--
ALTER TABLE `pengajuan_keringanan`
  MODIFY `id_pengajuan` int(11) NOT NULL AUTO_INCREMENT, AUTO_INCREMENT=6;
--
-- AUTO_INCREMENT for table `tagihan_bulanan`
--
ALTER TABLE `tagihan_bulanan`
  MODIFY `id_tagihan_bulanan` int(11) NOT NULL AUTO_INCREMENT, AUTO_INCREMENT=54;
--
-- AUTO_INCREMENT for table `tagihan_siswa_kls`
--
ALTER TABLE `tagihan_siswa_kls`
  MODIFY `id_tagihan_siswa_kelas` int(10) NOT NULL AUTO_INCREMENT, AUTO_INCREMENT=1855;
--
-- AUTO_INCREMENT for table `tmp`
--
ALTER TABLE `tmp`
  MODIFY `id` int(11) NOT NULL AUTO_INCREMENT, AUTO_INCREMENT=205;
--
-- Ketidakleluasaan untuk tabel pelimpahan (Dumped Tables)
--

--
-- Ketidakleluasaan untuk tabel `kelas_siswa`
--
ALTER TABLE `kelas_siswa`
  ADD CONSTRAINT `FK_kelas_siswa_kelas_id_kelas` FOREIGN KEY (`id_kelas`) REFERENCES `kelas` (`id_kelas`) ON DELETE NO ACTION ON UPDATE NO ACTION,
  ADD CONSTRAINT `FK_kelas_siswa_siswa_nis` FOREIGN KEY (`nis`) REFERENCES `siswa` (`nis`) ON DELETE CASCADE ON UPDATE NO ACTION,
  ADD CONSTRAINT `FK_kelas_siswa_th_akademik_id_th_akademik` FOREIGN KEY (`id_th_akademik`) REFERENCES `th_akademik` (`id_th_akademik`) ON DELETE NO ACTION ON UPDATE NO ACTION;

--
-- Ketidakleluasaan untuk tabel `siswa`
--
ALTER TABLE `siswa`
  ADD CONSTRAINT `siswa_ibfk_1` FOREIGN KEY (`id_saldo`) REFERENCES `saldo` (`id_saldo`);

--
-- Ketidakleluasaan untuk tabel `tagihan_bulanan`
--
ALTER TABLE `tagihan_bulanan`
  ADD CONSTRAINT `FK_tagihan_bulanan_jn_tagihan_id_jn_tagihan` FOREIGN KEY (`jn_tagihan`) REFERENCES `jn_tagihan` (`id_jn_tagihan`) ON DELETE NO ACTION ON UPDATE NO ACTION,
  ADD CONSTRAINT `tagihan_bulanan_ibfk_1` FOREIGN KEY (`id_th_akademik`) REFERENCES `th_akademik` (`id_th_akademik`),
  ADD CONSTRAINT `tagihan_bulanan_ibfk_2` FOREIGN KEY (`kelas`) REFERENCES `kelas` (`id_kelas`);

--
-- Ketidakleluasaan untuk tabel `tagihan_siswa_kls`
--
ALTER TABLE `tagihan_siswa_kls`
  ADD CONSTRAINT `FK_det_tagihan_kelas_siswa_id_kelas_siswa` FOREIGN KEY (`id_kelas_siswa`) REFERENCES `kelas_siswa` (`id_kelas_siswa`) ON DELETE NO ACTION ON UPDATE NO ACTION,
  ADD CONSTRAINT `tagihan_siswa_kls_ibfk_1` FOREIGN KEY (`id_tagihan_bulanan`) REFERENCES `tagihan_bulanan` (`id_tagihan_bulanan`);

/*!40101 SET CHARACTER_SET_CLIENT=@OLD_CHARACTER_SET_CLIENT */;
/*!40101 SET CHARACTER_SET_RESULTS=@OLD_CHARACTER_SET_RESULTS */;
/*!40101 SET COLLATION_CONNECTION=@OLD_COLLATION_CONNECTION */;
